Band Number,Date,Time,Site,Bander,Species,Sex,Age,Mass,Wing Chord,Culmen,r1 Length ,r5 Width,r1-5 Wear,Gorget,Throat,Grooves,Comments
5000-11523,5/31/2003,659,MCGC,FE,BTLH,M,AHY,3.3,49.7,17.3,31,4,"M, r5",,,,
5000-11524,5/31/2003,711,MCGC,FE,BTLH,M,AHY,3.3,49.4,17.7,,,,,,,
5000-11525,5/31/2003,1940,MCGC,FE,BTLH,F,AHY,3.6,49.5,17.5,30,5,,,M-H,,
5000-11526,6/1/2003,609,MCGC,FE,BTLH,F,AHY,3.6,50.1,18,31,5,,,,,
5000-11527,6/1/2003,621,MCGC,FE,BTLH,M,AHY,3.4,48.9,19.5,28,5,,,,,
5000-11528,6/1/2003,633,MCGC,FE,BTLH,M,AHY,3.3,50.8,17.5,20.5,5.5,,,,,
5000-11529,6/1/2003,728,MCGC,FE,BTLH,M,AHY,3.2,50.4,17.5,27,5,,,,,
5000-11530,6/1/2003,753,MCGC,FE,BTLH,M,AHY,3,50.1,17,28,5.5,,,,,
5000-11531,6/4/2003,550,MCGC,FE,BTLH,F,AHY,3.3,49.9,18.5,28,5,,2 C,,,
5000-11532,6/4/2003,614,MCGC,FE,BTLH,M,AHY,3.4,49.1,17,29,5,,,,,
5000-11533,6/4/2003,620,MCGC,FE,BTLH,F,AHY,3.2,51.8,18.8,,,,,,,Early Release
5000-11534,6/4/2003,628,MCGC,FE,BTLH,M,AHY,3.2,50.3,18,30.1,5,,,,,
5000-11535,6/4/2003,655,MCGC,FE,BTLH,M,AHY,3.4,49.7,17.8,29.5,4.8,,,,,
5000-11536,6/4/2003,723,MCGC,FE,BTLH,F,AHY,3.8,51,18.5,29,6,,1 C,,,
5000-11537,6/4/2003,742,MCGC,FE,BTLH,F,AHY,3.4,50.4,19.6,28,5.5,,,,,
5000-11538,6/4/2003,759,MCGC,FE,BTLH,F,AHY,3.5,50.9,19.5,29,5.5,VH,,,,
5000-11539,6/4/2003,808,MCGC,FE,BTLH,F,AHY,3.6,49,19,29.2,5,VH,,,,
5000-11540,6/4/2003,1920,MCGC,FE,BTLH,M,AHY,3.2,50.7,16.2,32,5,,,,,
5000-11541,6/4/2003,1930,MCGC,TE,BTLH,F,AHY,3.7,49.5,19,28,,,8 C,,,
5000-11542,6/4/2003,1930,MCGC,FE,BTLH,F,AHY,3.4,50.2,18.8,30,6,,,,,
5000-11543,6/4/2003,1950,MCGC,TE,BTLH,F,AHY,3.3,51.7,18.2,31,5.5,M,,H,,
5000-11544,6/4/2003,1958,MCGC,TE,BTLH,F,AHY,3.4,49.9,19,33,5,,,,,
5000-11545,6/4/2003,1958,MCGC,FE,BTLH,F,AHY,4.1,51.3,18.5,27.2,5.5,,,,,
5000-11546,6/5/2003,549,MCGC,FE,BTLH,F,AHY,3.6,50.4,19,26,5.5,,,,,
5000-11547,6/5/2003,607,MCGC,FE,BTLH,M,AHY,3.5,50.3,18,27.5,5,,,,,
5000-11548,6/5/2003,619,MCGC,FE,BTLH,F,AHY,4.5,49.8,19,26,5.5,L,,,,Egg-8
5000-11549,6/5/2003,633,MCGC,FE,BTLH,F,AHY,3.3,50,18,28.5,6,,6 C,,,
5000-11550,6/5/2003,652,MCGC,FE,BTLH,F,AHY,3.7,51.5,19,29.5,6,,,,,
5000-11551,6/5/2003,702,MCGC,FE,BTLH,F,AHY,3.7,51.3,18.3,27,6,,,M,,
5000-11552,6/5/2003,719,MCGC,FE,BTLH,F,AHY,3.3,48.4,18.2,27.5,5.3,,,VL,,
5000-11553,6/5/2003,730,MCGC,FE,BTLH,M,AHY,3.2,49.6,18,28.5,4.8,,,,,
5000-11554,6/5/2003,758,MCGC,FE,BTLH,F,AHY,3.6,49.7,19,30.5,6,,,,,
5000-11555,6/5/2003,805,MCGC,FE,BTLH,M,AHY,3.1,49.5,17,29.5,5,,,,,
5000-11556,6/12/2003,536,MCGC,FE,BTLH,F,AHY,3.5,51.1,18,30.5,5,,,M,,Egg-7
5000-11557,6/12/2003,550,MCGC,FE,BTLH,F,AHY,3.3,50.4,18.5,29,5.5,,,,,
5000-11558,6/12/2003,616,MCGC,FE,BTLH,F,AHY,3.2,50.6,18.5,29,5.5,"M, r5",8 C,,,
5000-11559,6/12/2003,630,MCGC,FE,BTLH,M,AHY,3,50.7,17.5,29,5,,,,,
5000-11560,6/12/2003,643,MCGC,FE,BTLH,F,AHY,4.1,48.5,18,30,5.8,,,,,Egg-8
5000-11561,6/12/2003,652,MCGC,FE,BTLH,M,AHY,3.2,50.5,18,31,4.5,,,,,
5000-11562,6/12/2003,700,MCGC,TE,BTLH,M,AHY,3,48.4,17.9,28,4.5,,,,,
5000-11563,6/12/2003,705,MCGC,TE,BTLH,F,AHY,3.6,48.9,17.5,30.5,7,,,,,
5000-11564,6/12/2003,710,MCGC,TE,BTLH,M,AHY,3.8,49.8,17.7,24,,,,,,Molt r1-5 left
5000-11565,6/12/2003,715,MCGC,TE,BTLH,F,AHY,3.2,51.3,19.4,27,5,H,,,,
5000-11566,6/13/2003,539,MCGC,FE,BTLH,F,AHY,3,50.1,18,28,5.5,,,VL,,
5000-11567,6/13/2003,610,MCGC,TE,BTLH,F,AHY,4.1,48.6,18.7,31,6,,,,,
5000-11568,6/13/2003,622,MCGC,FE,BTLH,F,AHY,3.1,50.1,19,29,5.5,,,H,,
5000-11569,6/13/2003,634,MCGC,TE,BTLH,M,AHY,3.5,49.5,17.3,32,5,,,,,
5000-11570,6/13/2003,645,MCGC,FE,BTLH,M,AHY,3,48.5,17,31,4.5,,,,,
5000-11571,6/13/2003,649,MCGC,TE,BTLH,F,AHY,3.9,50.8,18.9,30,6,,,,,Egg-8
5000-11572,6/13/2003,650,MCGC,FE,BTLH,M,AHY,3.1,49,17.5,31.5,5,,,,,
5000-11573,6/13/2003,700,MCGC,TE,BTLH,M,AHY,3.3,49.5,17.1,33,5,,,,,
5000-11575,6/13/2003,1855,MCGC,FE,BTLH,M,AHY,3.2,49.2,18.2,30.5,5,,,,,
5000-11576,6/13/2003,705,MCGC,TE,BTLH,F,AHY,3.4,48.5,18.4,29,6,,,,,
5000-11577,6/13/2003,1906,MCGC,FE,BTLH,M,AHY,3.5,50.6,18,31,5,,,,,
5000-11578,6/14/2003,546,MCGC,FE,BTLH,F,AHY,4.2,49.8,18,30,5.7,,1 C,,,Egg-8
5000-11579,6/14/2003,615,MCGC,FE,BTLH,M,AHY,3.4,49.9,17,30.5,5.1,,,,,
5000-11580,6/14/2003,627,MCGC,FE,BTLH,M,AHY,3.4,51.1,19,30.4,5,,,,,
5000-11581,6/14/2003,643,MCGC,FE,BTLH,M,AHY,3.1,49.3,17,29,5,,,,,
5000-11582,6/14/2003,653,MCGC,FE,BTLH,F,AHY,3.8,49.4,19.5,28,6,,1 C,,,Egg-7 (possible)
5000-11583,6/14/2003,653,MCGC,TE,BTLH,F,AHY,4.4,48.1,19.3,30,5,M,,,,
5000-11584,6/14/2003,1843,MCGC,FE,BTLH,F,AHY,3.6,51,19,28.5,6,,,,,
5000-11585,6/14/2003,1900,MCGC,FE,BTLH,M,AHY,3.5,49.8,17.5,29,5,,,,,
5000-11586,6/14/2003,1908,MCGC,FE,BTLH,F,AHY,3.6,51.5,19.5,28.5,5,L,,,,
5000-11587,6/14/2003,1908,MCGC,FE,BTLH,F,AHY,3.6,49.6,18.5,29.5,5.5,M,,,,"Molt, r3, rt."
5000-11588,6/14/2003,1910,MCGC,FE,BTLH,M,AHY,3.4,49.4,17,30.2,5,L,,L,,Egg-7 (possible)
5000-11589,6/14/2003,1930,MCGC,FE,BTLH,F,AHY,4.1,51.8,18.5,29.2,6,,,,,
5000-11590,6/14/2003,1940,MCGC,FE,BTLH,M,AHY,3.2,49.4,18,31,5,,,,,
5000-11591,6/15/2003,647,MCGC,FE,BTLH,M,AHY,3.4,48.6,18.2,31.8,5,,,,,
5000-11592,6/15/2003,710,MCGC,FE,BTLH,M,AHY,3.3,49.7,17,29.5,4.6,,,,,
5000-11593,6/15/2003,728,MCGC,FE,BTLH,F,AHY,3.6,50.3,18.5,30.2,5,,,,,
5000-11594,6/15/2003,735,MCGC,FE,BTLH,M,AHY,3.5,49.5,18,27.5,5,,,,,"r4-5, white tips"
5000-11595,6/15/2003,738,MCGC,TE,BTLH,M,AHY,3.3,51,17.6,34,5,,,,,
5000-11596,6/15/2003,753,MCGC,TE,BTLH,M,AHY,3.3,48.7,18.2,30,6,,,,,
5000-11597,6/15/2003,805,MCGC,TE,BTLH,M,AHY,3.4,50.6,17.1,34,5.5,,,,,
5000-11598,6/15/2003,815,MCGC,TE,BTLH,M,AHY,3,48.9,17.1,32,6,,,,,
5000-11599,6/15/2003,1845,MCGC,TE,BTLH,F,AHY,4.2,48.5,20,31,5,,,,,
5000-11600,6/15/2003,820,MCGC,FE,BTLH,M,AHY,3.1,49.1,18,29,4.5,,,,,
5000-11601,6/15/2003,1853,MCGC,TE,BTLH,F,AHY,3.9,50.1,17.9,32,6,,,,,Egg-7
5000-11602,6/15/2003,1906,MCGC,TE,BTLH,M,AHY,3.3,48.3,17,33,5,,,,,
5000-11603,6/15/2003,1910,MCGC,TE,BTLH,M,AHY,3.8,47.4,16,31,5,,,,,
5000-11604,6/15/2003,1920,MCGC,TE,BTLH,F,AHY,3.7,50.3,18.1,32,6,,3 C,H,,
5000-11605,6/15/2003,1925,MCGC,TE,BTLH,F,AHY,4.2,50.8,18.6,31,6,,,,,
5000-11606,6/15/2003,1935,MCGC,FE,BTLH,F,AHY,4.2,51.1,18.1,29.8,6,,,,,
5000-11607,6/15/2003,1943,MCGC,TE,BTLH,F,AHY,3.8,49.7,19,30,6,,,,,
5000-11608,6/16/2003,625,MCGC,FE,BTLH,F,AHY,4.1,50.8,18.4,31.3,5.8,L,,,,Egg-7
5000-11609,6/16/2003,637,MCGC,FE,BTLH,F,AHY,4.1,51.5,18,31.1,5.8,,,,,
5000-11610,6/16/2003,650,MCGC,FE,BTLH,M,AHY,3.4,51.6,17,31,4.5,,,,,
5000-11611,6/16/2003,703,MCGC,FE,BTLH,M,AHY,3.2,46.5,17.2,35,5,,,,,
5000-11612,6/16/2003,720,MCGC,TE,BTLH,M,AHY,3.3,46.8,17.4,31,5,,,,,
5000-11613,6/16/2003,721,MCGC,FE,BTLH,M,AHY,3.2,50.2,17.5,29.5,5,,,,,
5000-11614,6/16/2003,722,MCGC,TE,BTLH,F,AHY,3.7,49.9,17.6,32,6,,,,,
5000-11615,6/16/2003,723,MCGC,TE,BTLH,F,AHY,,50,18.8,30,5.5,,,,,did not weigh
5000-11616,6/20/2003,1912,MCGC,FE,BTLH,M,AHY,3.2,49.7,18,29.5,5.4,,,,,
5000-11617,6/20/2003,1920,MCGC,TE,BTLH,F,AHY,3.6,52.2,18.4,32,5,,,,,
5000-11618,6/20/2003,1920,MCGC,FE,BTLH,F,AHY,3.9,50.1,18.8,30,4.9,M-H,,,,
5000-11619,6/20/2003,1932,MCGC,TE,BTLH,F,AHY,4.3,48.3,18.2,30,5,,,,,Egg-7
5000-11620,6/20/2003,1935,MCGC,FE,BTLH,F,AHY,3.6,49.9,18.5,29.3,5.5,,,M,,
5000-11621,6/20/2003,1959,MCGC,FE,BTLH,F,AHY,3.8,51.3,18,30,5.5,,,,,
5000-11622,6/20/2003,1950,MCGC,FE,BTLH,F,AHY,3.8,51.6,19.5,28.5,5.5,,,,,
5000-11623,6/20/2003,2005,MCGC,TE,BTLH,F,AHY,3.4,49.3,18.1,31,5,M,,,,
5000-11624,6/20/2003,2010,MCGC,FE,BTLH,F,AHY,3.5,49.5,19,30.1,5.5,,,,,
5000-11625,6/21/2003,607,MCGC,FE,BTLH,F,AHY,3.4,50.9,18,27,5,,,,,
5000-11626,6/21/2003,624,MCGC,FE,BTLH,M,AHY,3.1,49.8,17,29.5,5,,,,,
5000-11627,6/21/2003,722,MCGC,FE,BTLH,M,AHY,3.4,48.9,18.9,31,5,,,,,
5000-11628,6/21/2003,650,MCGC,TE,BTLH,F,AHY,3.1,49.6,19.8,30,6,,,,,
5000-11629,6/21/2003,1818,MCGC,FE,BTLH,F,AHY,3.7,51.4,18,31.5,5.5,,,,,
5000-11630,6/21/2003,1830,MCGC,FE,BTLH,M,AHY,3.3,49.3,18,29.5,5,,,,,
5000-11631,6/21/2003,1840,MCGC,FE,BTLH,M,AHY,3.1,48.4,17,29.5,5,,,,,
5000-11632,6/22/2003,610,MCGC,FE,BTLH,M,AHY,3.1,49.5,17.5,28.8,4.5,,,,,
5000-11633,6/22/2003,630,MCGC,FE,BTLH,M,AHY,3.6,48.9,18,28.3,5,,,,,
5000-11634,6/22/2003,628,MCGC,TE,BTLH,M,AHY,3,48.7,17,28,6,,,,,
5000-11635,6/22/2003,640,MCGC,FE,BTLH,F,AHY,3.5,51.3,18,29,4.8,L,,,,
5000-11636,6/22/2003,723,MCGC,TE,BTLH,M,AHY,3.2,51,19.3,31,5,,,,,
5000-11637,6/22/2003,655,MCGC,FE,BTLH,M,AHY,3.3,49.4,18.5,29.2,4.8,,,,,
5000-11638,6/22/2003,744,MCGC,TE,BTLH,M,AHY,3.5,49.8,18.6,30,5,,,,,
5000-11639,6/22/2003,758,MCGC,FE,BTLH,M,AHY,3,49.8,17.5,28,4.8,,,,,
5000-11640,6/26/2003,1929,MCGC,FE,BTLH,F,AHY,3.5,50.4,18.6,29.8,5.5,,7 C,,,
5000-11641,6/26/2003,1935,MCGC,TE,BTLH,F,AHY,3.5,50.5,19.4,32,6,,1 C,,,
5000-11642,6/26/2003,1942,MCGC,FE,BTLH,F,AHY,3.8,50.6,19,30,5.2,,,,,
5000-11643,6/26/2003,2005,MCGC,TE,BTLH,F,AHY,4.2,50.6,17.9,30,6,,4 C,,,Egg-7 (possible)
5000-11644,6/27/2003,605,MCGC,FE,BTLH,F,AHY,3.4,49.3,18,26.2,5.5,,,,,
5000-11645,6/27/2003,654,MCGC,FE,BTLH,F,AHY,3.5,50.3,18.5,28,5.8,,,,,
5000-11646,6/27/2003,711,MCGC,TE,BTLH,F,AHY,3.4,50.5,19.4,30.5,6,,1 C,,,
5000-11647,6/27/2003,729,MCGC,FE,BTLH,F,AHY,3.2,51,19.4,28,5.8,,4 L,,,
5000-11648,6/27/2003,1956,MCGC,FE,BTLH,F,AHY,3.5,50.4,18,28,6,,Many,,,L. side
5000-11649,6/28/2003,553,MCGC,FE,BTLH,F,AHY,3.7,49.4,19,27.8,6,,,,,
5000-11650,6/28/2003,607,MCGC,FE,BTLH,F,AHY,3.5,51.2,18,28.3,5.2,,,H,,
5000-11651,6/28/2003,652,MCGC,FE,BTLH,F,AHY,3.9,50.3,18,28,5.1,,,,,Egg-7+
5000-11652,6/28/2003,703,MCGC,FE,BTLH,F,AHY,3.2,50.6,19.5,30,5,,,,,
5000-11653,6/28/2003,715,MCGC,TE,BTLH,F,AHY,3.4,50.9,19.3,31,6,H,,,,
5000-11654,6/28/2003,725,MCGC,TE,BTLH,M,AHY,3.1,48.1,18,30,4.5,,,,,
5000-11655,6/28/2003,715,MCGC,FE,BTLH,F,AHY,3.7,50.8,19.5,28.5,5.6,,,,,
5000-11656,6/28/2003,746,MCGC,TE,BTLH,F,AHY,3.6,48.7,19.7,31,6,,,,,Egg-7
5000-11657,6/28/2003,1925,MCGC,FE,BTLH,F,AHY,3.6,51.7,17.5,29.8,6,,,,,
5000-11658,6/28/2003,746,MCGC,FE,BTLH,F,AHY,3.2,49.5,18.5,29,6,,,,,
5000-11659,6/29/2003,700,MCGC,FE,BTLH,F,AHY,3.8,50.6,18.7,27,5.8,,,,,
5000-11660,6/29/2003,717,MCGC,FE,BTLH,F,AHY,3.6,51,20.1,30.2,5.2,,2 C,,,
5000-11661,6/29/2003,725,MCGC,TE,BTLH,F,AHY,3.4,48.9,18.5,30,5,,,,,Egg-8
5000-11662,6/29/2003,730,MCGC,FE,BTLH,F,AHY,3.8,49.1,19,31.2,5.3,,,,,Egg-7 (possible)
5000-11574,7/3/2003,748,MCGC,FE,RUHU,F,AHY,3.4,44.6,17.5,26.2,3.7,,,,,First RUHU
5000-11664,7/3/2003,619,MCGC,FE,BTLH,M,AHY,3.3,50.6,17.8,29.8,5,,,,,White spots-r5 tip
5000-11665,7/3/2003,619,MCGC,FE,BTLH,M,AHY,3.3,50.1,17.5,29.8,4.5,,,,,
5000-11666,7/3/2003,655,MCGC,FE,BTLH,M,AHY,3.4,50.5,18.4,30.1,4.8,,,,,
5000-11667,7/3/2003,748,MCGC,TE,BTLH,M,AHY,3.2,50.2,17.1,33,5,,,,,
5000-11663,7/4/2003,701,MCGC,FE,BTLH,F,AHY,3.6,52,19,28.7,5.5,,1 L,,,"Pollen, base of bill"
5000-11668,7/4/2003,600,MCGC,FE,RUHU,M,AHY,4,40.8,16,26.5,2.5,,,,,
5000-11669,7/4/2003,1756,MCGC,FE,BTLH,F,AHY,3.9,49.7,19,30.2,5,,5 C,,,gaping/released OK
5000-11670,7/4/2003,730,MCGC,FE,RUHU,F,AHY,3.6,44.5,17.8,28.5,3.1,,6 C,,,very small gorget feathers
5000-11671,7/4/2003,1720,MCGC,FE,RUHU,M,AHY,4,40.1,17,29,3,,,,,pine sap on top of bill
5000-11672,7/4/2003,1741,MCGC,FE,RUHU,M,AHY,3.5,39.7,16.2,30.1,2.5,,,,,
5000-11673,7/4/2003,1812,MCGC,TE,RUHU,M,AHY,3.4,38.6,16.6,26,2.5,,,,,pollen on bill
5000-11674,7/4/2003,1834,MCGC,TE,BTLH,F,AHY,3.9,48.6,19.8,28,6,L,,,,
5000-11675,7/4/2003,1845,MCGC,TE,RUHU,F,AHY,4.6,43.3,18,26,3.5,,,,,
5000-11676,7/4/2003,1900,MCGC,FE,BTLH,F,AHY,3.6,50.2,18.5,30.2,5.5,,,,,
5000-11677,7/5/2003,610,MCGC,FE,RUHU,M,AHY,3.5,40.1,16.9,28,2.8,,,,,
5000-11678,7/5/2003,633,MCGC,FE,RUHU,M,AHY,3.5,39.7,16,26.2,2.5,,,,,
5000-11679,7/5/2003,644,MCGC,FE,BTLH,M,AHY,3.2,48.2,16.1,28.2,4.8,,,,,
5000-11680,7/5/2003,707,MCGC,TE,BTLH,F,AHY,3.5,49.4,,29,6,,,H,,escaped 
5000-11681,7/5/2003,737,MCGC,FE,RUHU,M,AHY,3.3,40.9,16,25.2,2.9,,,,,
5000-11682,7/5/2003,725,MCGC,FE,BTLH,F,AHY,3.7,51.4,17.8,26.5,5.8,,3 C,,,
5000-11683,7/5/2003,717,MCGC,TE,BTLH,F,AHY,3.1,49.9,19.1,29,6,,,,,
5000-11684,7/5/2003,750,MCGC,FE,BTLH,F,AHY,3.2,49.4,17,29,6,,,,,
5000-11685,7/5/2003,1739,MCGC,FE,RUHU,M,AHY,3.6,39.7,16,29,2.5,,,,,
5000-11686,7/5/2003,1740,MCGC,TE,RUHU,F,AHY,4.3,44.6,16.6,27.5,3,,,,,pollen on bill
5000-11687,7/5/2003,1752,MCGC,TE,RUHU,F,AHY,4.2,42.6,17.1,28,3,,many,,,
5000-11688,7/5/2003,1759,MCGC,TE,RUHU,F,AHY,3.5,43.6,16.9,29,3,,,,,
5000-11689,7/5/2003,1803,MCGC,TE,RUHU,F,AHY,4.2,44.5,17,28,3,,,,,
5000-11690,7/5/2003,1944,CC2,FE,BTLH,F,AHY,3.5,51.9,20,29,6,,,,,
5000-11691,7/5/2003,1945,CC2,FE,BTLH,F,AHY,3.6,51.8,18,30.3,5.5,"L, both r3",,,,
5000-11692,7/5/2003,2005,CC2,FE,BTLH,F,AHY,3.4,51.2,18.5,29.5,6,,,,,
5000-11693,7/6/2003,600,MCGC,FE,BTLH,M,AHY,3.4,49.8,16.5,29.8,4.5,,,,,
5000-11694,7/6/2003,611,MCGC,FE,BTLH,M,AHY,3.5,51.3,17,29.5,4.1,,,,,
5000-11695,7/6/2003,635,MCGC,FE,BTLH,F,AHY,3.7,50.8,18.4,28.8,5,,,,,pollen on top of bill
5000-11696,7/6/2003,836,MCGC,FE,BTLH,M,AHY,3.4,50.1,17.5,31,4.8,,,,,
5000-11697,7/6/2003,640,MCGC,TE,RUHU,M,AHY,3.5,38.1,16.6,28,2.5,,,,,
5000-11698,7/6/2003,1755,CC2,FE,BTLH,F,AHY,3.3,49.5,19.5,30,5.8,,,,,
5000-11699,7/6/2003,1925,MCGC,FE,BTLH,F,AHY,3.8,51.1,19.5,29.6,6,,,,,
5000-11700,7/6/2003,1934,MCGC,FE,RUHU,M,AHY,3.7,41,16,27,2.5,,,,,
5000-11701,7/6/2003,1945,MCGC,FE,RUHU,F,AHY,3.7,44,18.1,27.5,3.3,,,,,
5000-11702,7/7/2003,626,MCGC,TE,BTLH,F,AHY,3.6,49,18.3,30,6,,,,,
5000-11703,7/7/2003,604,MCGC,FE,RUHU,M,AHY,3.5,40,16,27,2.5,,,,,
5000-11704,7/7/2003,545,MCGC,FE,RUHU,F,AHY,3.4,43.5,18.5,25.5,3,,,,,
5000-11705,7/7/2003,612,MCGC,TE,RUHU,M,AHY,3.3,39.5,15.7,29,2.5,,,,,
5000-11706,7/7/2003,630,MCGC,FE,BTLH,F,AHY,3.8,51,19.8,29.5,5.5,,,,,hvy. pollen on bill
5000-11707,7/7/2003,643,MCGC,TE,BTLH,M,AHY,3.3,48.5,17.1,33,5,,,,,
5000-11708,7/7/2003,700,MCGC,TE,RUHU,F,AHY,3.7,42.8,17.2,26,4,,,,,
5000-11709,7/7/2003,712,MCGC,TE,BTLH,M,AHY,3.5,49.9,17.5,29.5,5,,,,,
5000-11710,7/7/2003,720,MCGC,TE,BTLH,F,AHY,3.6,49,19,31,6,,,M,60%,"pollen, broad base of bill. Prob AHY"
5000-11711,7/7/2003,743,MCGC,FE,BTLH,M,AHY,3.8,51.2,17,29,4.5,,,,,
5000-11712,7/8/2003,1910,MCGC,TE,CAHU,M,AHY,2.9,38,,19,3,,,,,
5000-11713,7/8/2003,1915,MCGC,TE,RUHU,M,AHY,3.5,40.9,14,25,3,,,,,
5000-11714,7/8/2003,1925,MCGC,TE,RUHU,M,AHY,3.5,40,15.6,28,3,,,,,
5000-11715,7/10/2003,627,MCGC,FE,RUHU,M,AHY,3.6,40.1,15.3,23.6,2.2,,,,,
5000-11716,7/10/2003,632,MCGC,FE,BTLH,F,AHY,3.6,50.9,19,28,5,,,,,
5000-11717,7/10/2003,645,MCGC,FE,BTLH,F,AHY,3.9,49.9,17.5,29,5,M,,,,bill W/broad base~2.9mm
5000-11718,7/10/2003,700,MCGC,FE,BTLH,F,AHY,4.4,50.7,18.5,28.1,5.1,,,,,
5000-11719,7/10/2003,702,MCGC,FE,BTLH,F,AHY,3.5,50.3,19.2,30.1,5,,,,,
5000-11720,7/10/2003,658,MCGC,FE,RUHU,F,AHY,3.4,43.5,18,26.9,4,,,,,
5000-11721,7/10/2003,1807,MCGC,FE,RUHU,M,AHY,4,40.2,16.9,29,2.2,,,,,
5000-11722,7/10/2003,720,MCGC,FE,RUHU,F,AHY,3.6,43.6,18,26,3.2,,,,,
5000-11723,7/10/2003,738,MCGC,FE,BTLH,F,AHY,4.4,49.3,18.5,30,6,,,,,
5000-11724,7/10/2003,740,MCGC,FE,RUHU,F,AHY,3.8,45,17.5,27,3.6,,,,,
5000-11725,7/10/2003,750,MCGC,TE,BTLH,F,AHY,4.3,50.3,19.5,30,6,,,,,missing some throat feathers
5000-11727,7/10/2003,1807,MCGC,TE,BTLH,F,AHY,4.1,50,19.7,29,6,,,,,Egg-8
5000-11728,7/10/2003,1815,MCGC,TE,BTLH,F,AHY,4,49.5,17.9,33,5.5,,,,,
5000-11729,7/10/2003,1820,MCGC,TE,BTLH,F,AHY,3.7,49.3,18,30,5.5,H,,,,
5000-11730,7/10/2003,1845,MCGC,FE,RUHU,M,AHY,3.8,41,16,27.5,2.5,,,,,
5000-11731,7/10/2003,1850,MCGC,TE,BTLH,F,AHY,4,50.5,17.1,30.5,6,,,,,
5000-11774,7/10/2003,1901,MCGC,TE,BTLH,M,AHY,3.7,48.5,18.2,32,5,,,,,
5000-11732,7/11/2003,556,MCGC,FE,BTLH,F,AHY,4.5,51.8,20,29.5,5.8,,8 C,,,
5000-11733,7/11/2003,603,MCGC,TE,RUHU,M,AHY,4.1,39.9,15.2,29,3,,,,,
5000-11734,7/11/2003,603,MCGC,FE,BTLH,F,AHY,3.5,50.5,19,30,6.1,L,,,,
5000-11735,7/11/2003,629,MCGC,TE,BTLH,F,AHY,3.7,50.1,18.5,29.5,5.4,,,,,
5000-11736,7/11/2003,707,MCGC,TE,RUHU,F,AHY,4.1,43.2,17,26,4,,,,,
5000-11737,7/11/2003,640,MCGC,TE,BTLH,F,AHY,4,51.7,17.5,30,6,H,,,,
5000-11738,7/11/2003,640,MCGC,FE,BTLH,F,AHY,3.4,50.1,18,28.9,5.5,M,,,,
5000-11739,7/11/2003,641,MCGC,TE,BTLH,F,AHY,3.8,50,18.7,31,6,,,,,
5000-11740,7/11/2003,707,MCGC,FE,BTLH,F,AHY,3.8,49.8,18,29.5,6,L,,,,
5000-11741,7/11/2003,720,MCGC,FE,BTLH,F,AHY,4.2,50.2,18.1,29.1,5.5,L,,,,
5000-11742,7/11/2003,721,MCGC,TE,BTLH,M,AHY,3.2,48.5,17.2,30.4,6,,,,,
5000-11743,7/11/2003,738,MCGC,TE,BTLH,F,AHY,3.8,48.9,17.6,30,5,,1,,,missing r3-5 right
5000-11744,7/11/2003,738,MCGC,FE,BTLH,M,AHY,3.5,50.3,17,29.8,4.6,,,,,pollen on bill
5000-11745,7/11/2003,749,MCGC,FE,BTLH,M,AHY,3.4,47.6,17,29.6,4.9,H,,,,
5000-11746,7/11/2003,1905,MCGC,TE,BTLH,F,AHY,3.9,48.9,17.6,30,7,,,,,
5000-11747,7/11/2003,1906,MCGC,TE,BTLH,F,AHY,4,49.6,18.1,29,5,,,,,
5000-11748,7/11/2003,1907,MCGC,TE,BTLH,F,AHY,3.5,50,19,31,6,,,,,
5000-11749,7/11/2003,1949,MCGC,TE,BTLH,M,AHY,3.6,47.3,17.2,31,5,,,,,
5000-11750,7/11/2003,1935,MCGC,TE,BTLH,F,AHY,3.7,49.6,18.7,30,6,H,,,,
5000-11751,7/11/2003,1950,MCGC,TE,BTLH,F,AHY,3.8,50.1,18.8,30,5,M-H,,,,
5000-11752,7/11/2003,2000,MCGC,FE,RUHU,M,AHY,3.6,40,16,29,2.5,,,,,pollen on crown and bill
5000-11753,7/12/2003,605,MCGC,TE,RUHU,M,AHY,3.4,38.8,15.5,28,3,,,,,
5000-11754,7/12/2003,605,MCGC,FE,BTLH,F,AHY,3.5,48.9,17.2,29.5,5.8,,,H,,
5000-11755,7/12/2003,615,MCGC,TE,RUHU,F,AHY,3.4,44.7,17.9,26,3.5,,1 C,,,hvy pollen on bill
5000-11756,7/12/2003,633,MCGC,FE,BTLH,F,AHY,4.2,49.8,18,28,5.2,,,,,
5000-11757,7/12/2003,648,MCGC,FE,BTLH,F,AHY,3.2,49,19.8,28.5,5,,,L,,pollen on base of bill 
5000-11758,7/12/2003,648,MCGC,TE,RUHU,F,AHY,3.7,43.8,17.9,27,3,,,,,
5000-11759,7/12/2003,649,MCGC,FE,BTLH,F,AHY,4,49.2,19,30,5,,,,,
5000-11760,7/12/2003,700,MCGC,FE,BTLH,M,AHY,3.8,50.3,17,29.5,5.1,,,,,
5000-11761,7/12/2003,700,MCGC,TE,BTLH,F,AHY,3.2,49,17.6,30,5,,,,,
5000-11762,7/12/2003,1830,MCGC,TE,RUHU,M,AHY,3.8,39.2,15.7,28,2.5,,,,,
5000-11763,7/12/2003,1846,MCGC,TE,BTLH,F,AHY,3.7,50.8,18,31,5,,,,,
5000-11764,7/12/2003,1850,MCGC,TE,BTLH,F,AHY,4,50.2,19,30.5,6,,,,,
5000-11765,7/12/2003,1858,MCGC,TE,RUHU,F,AHY,3.3,43.3,17.5,28,3.5,,9,,,
5000-11766,7/12/2003,1905,MCGC,TE,BTLH,F,AHY,3.7,48.7,19.4,28,6,,9,,,
5000-11768,7/13/2003,1908,CC2,FE,BTLH,F,AHY,3.5,49.7,18,28.6,5,H,,,,pollen on bill
5000-11767,7/12/2003,1918,MCGC,FE,BTLH,F,AHY,3.5,51.6,17.5,30.1,5.6,L,,,,
5000-11770,7/13/2003,1922,CC2,FE,BTLH,F,AHY,3.7,50.6,19,29.8,5.5,,2 C,,,
5000-11771,7/13/2003,1936,CC2,FE,BTLH,F,AHY,3.8,49.7,18.3,30.3,5,H,7 C,,,"1 lg., 6 sm gorget feathers "
5000-11772,7/13/2003,1955,CC2,FE,BTLH,M,AHY,3.3,50.5,17,30.2,4.8,,,,,
5000-11773,7/13/2003,2003,CC2,FE,BTLH,M,AHY,3.7,50.7,18.9,29.8,5,,,,,
5000-11775,7/12/2003,1918,MCGC,FE,RUHU,M,AHY,3.3,40.6,16,26.1,2.4,,,,,pollen on crown
5000-11776,7/14/2003,613,MCGC,FE,BTLH,F,AHY,3.4,49.9,18.5,30,5,,,,,
5000-11778,7/14/2003,626,MCGC,FE,BTLH,F,AHY,3.6,48.6,18,28.5,5.1,,,,,pollen on bill
5000-11780,7/14/2003,650,MCGC,FE,RUHU,M,AHY,3.4,40.4,15.5,27,2.5,,,,,pollen on bill
5000-11781,7/14/2003,700,MCGC,FE,RUHU,F,AHY,3.5,43.8,18,27,3.2,,,,,
5000-11769,7/18/2003,1440,MCGC,FE,RUHU,F,AHY,3.8,45.2,18,28,3.5,,12+ C,,,
5000-11779,7/18/2003,1441,MCGC,FE,BTLH,F,AHY,3.8,49.9,19.5,27,5.5,"M, r3-4",,,,
5000-11782,7/18/2003,1500,MCGC,FE,RUHU,M,AHY,3.7,40.6,17.2,28.1,2.4,,,,,
5000-11783,7/18/2003,1514,MCGC,FE,RUHU,F,AHY,3.5,44.9,17.5,27,3.2,"L, r3",many C,,,
5000-11784,7/18/2003,1523,MCGC,FE,BTLH,F,AHY,3.8,49.1,18.6,29.5,5.4,"L, r3",,,,
5000-11785,7/18/2003,1534,MCGC,FE,BTLH,F,AHY,3.9,50.3,18.9,29.1,5.8,,1 C,,,
5000-11786,7/18/2003,1543,MCGC,FE,RUHU,F,AHY,3.5,43.5,17,27.2,3.2,"L, r3",12 C,,,
5000-11787,7/18/2003,1556,MCGC,FE,BTLH,F,AHY,3.9,50.1,19.8,28.2,5,"L, r3",,,,
5000-11788,7/18/2003,1826,MCGC,FE,BTLH,F,AHY,3.7,50.3,20,31.5,5,"H, r2-5",,,,
5000-11789,7/18/2003,1802,MCGC,FE,RUHU,F,AHY,3.8,44.8,17.5,27.8,3,,many C,,,
5000-11790,7/18/2003,1815,MCGC,FE,RUHU,F,AHY,4.2,45,17,27.2,3.5,,,,,
5000-11791,7/18/2003,1901,MCGC,FE,RUHU,M,AHY,3.7,40.4,17,28.3,2.5,,,,,
5000-11792,7/18/2003,1913,MCGC,FE,RUHU,F,AHY,4,43.6,18.4,27,3.2,,many,,,
5000-11793,7/18/2003,1919,MCGC,TE,RUHU,F,AHY,4.3,43.9,17.3,28,4,H,many,,,
5000-11794,7/18/2003,1930,MCGC,TE,RUHU,F,AHY,4.1,43.3,17.5,26,3,,6 small,,,
5000-11795,7/18/2003,1941,MCGC,TE,RUHU,F,AHY,3.5,43.7,17.7,27.5,4,,,,,
5000-11796,7/18/2003,1948,MCGC,FE,BTLH,F,AHY,4.2,51.3,18.5,30.1,5.1,"H, r1-5",,H,,much pollen on bill
5000-11797,7/18/2003,1950,MCGC,TE,RUHU,F,AHY,3.5,43.6,17.5,27,3.5,,,,,
5000-11798,7/18/2003,1958,MCGC,FE,RUHU,F,AHY,3.9,44.3,17.9,27.5,3.5,,,,,
5000-11799,7/18/2003,1950,MCGC,TE,BTLH,F,AHY,3.6,51.6,19.2,29,6,,2 C,,,
5000-11800,7/19/2003,640,MCGC,FE,BTLH,F,AHY,4.2,51.3,18.5,30.1,5.1,H,,,,
5000-29201,7/19/2003,651,MCGC,FE,BTLH,F,AHY,3.3,50.3,19.2,27.8,5.1,,,,,"sm. r1-3 rt. Pollen, crown and bill"
5000-29202,7/19/2003,705,MCGC,TE,RUHU,F,AHY,3.8,44.2,17.1,28,3.5,,,,,
5000-29203,7/19/2003,705,MCGC,FE,BTLH,F,AHY,3,48.7,18,29,5.5,,,,,
5000-29204,7/19/2003,705,MCGC,TE,BTLH,M,AHY,3.1,49.5,16.1,31.5,5.5,,,,,
5000-29205,7/19/2003,723,MCGC,TE,BTLH,F,AHY,4,49.8,18.3,31.5,5.2,,,,,
5000-29206,7/19/2003,730,MCGC,TE,BTLH,F,AHY,3.5,49,17.3,30.5,6,,,,,
5000-29207,7/19/2003,730,MCGC,FE,RUHU,M,AHY,3.4,40.7,16.5,31,2.5,,,,,pollen on crown and bill
5000-29209,7/19/2003,1954,MCGC,TE,RUHU,M,AHY,3.1,39.6,15.2,27,2.5,,,,,
5000-29211,7/19/2003,2000,MCGC,TE,RUHU,M,AHY,3.4,38.8,15.3,26,2.5,,,,,pollen on bill
5000-29212,7/19/2003,2015,MCGC,FE,BTLH,F,AHY,4.4,50.4,19,29,6,,,,,
5000-29213,7/19/2003,2020,MCGC,TE,BTLH,F,AHY,4.1,50.2,18.9,31,6,,,,,
5000-29214,7/19/2003,2025,MCGC,FE,BTLH,F,AHY,3.8,51,19,30,5.5,,,,,
5000-29210,7/20/2003,642,MCGC,FE,BTLH,F,AHY,3.1,49.3,18,28.9,5.9,,,,,bill not completely filled in
5000-29215,7/20/2003,628,MCGC,FE,RUHU,M,AHY,3.2,40.2,16.2,26,2.4,,,,,
5000-29216,7/20/2003,655,MCGC,TE,BTLH,F,AHY,3.3,51.3,18.8,30,6,,,,,
5000-29217,7/20/2003,655,MCGC,FE,BTLH,F,AHY,3.7,49.2,18.1,28.3,5,"H, r4-5",,,,
5000-29218,7/20/2003,700,MCGC,TE,BTLH,F,AHY,4,49,18.4,29,5.5,,,,,
5000-29219,7/20/2003,705,MCGC,FE,BTLH,M,AHY,4,48.3,17.1,29.5,4.8,,,,,
5000-29220,7/20/2003,730,MCGC,FE,BTLH,F,AHY,3.7,51,19,29,5.8,"L, r3",,,,
5000-29221,7/20/2003,715,MCGC,TE,BTLH,F,AHY,3.3,50.6,17.5,29,5.5,,,,,
5000-29222,7/20/2003,730,MCGC,FE,BTLH,F,AHY,4,50.3,18,28.2,6,,4 C,,,
5000-29223,7/20/2003,725,MCGC,TE,RUHU,M,AHY,3.6,39.1,14.4,27,2.5,,,,,
5000-29224,7/20/2003,730,MCGC,TE,BTLH,F,AHY,3.5,48.9,19,31,5.5,,,,20%,"poss HY, v. subtle striations"
5000-29225,7/22/2003,550,MCGC,FE,BTLH,F,AHY,3.4,48.8,18,27.1,5,"L, r3 tip",1 C/left,,60%,"bill not filled in, prob AHY"
5000-29226,7/22/2003,550,MCGC,FE,RUHU,F,AHY,3.4,43,17.8,27.1,3,,,,,
5000-29227,7/22/2003,623,MCGC,FE,RUHU,F,AHY,3.4,43.5,17.2,28.1,3.2,,many,,,
5000-29228,7/22/2003,623,MCGC,FE,BTLH,F,HY,3.5,48.8,18.2,29,,,,L,85%,
5000-29229,7/22/2003,650,MCGC,TE,BTLH,F,AHY,3.6,49,18,30.5,5,M,,,,
5000-29230,7/22/2003,708,MCGC,TE,BTLH,F,AHY,4.6,50.8,18.4,31,6,M,,,,
5000-29231,7/22/2003,655,MCGC,FE,RUHU,F,AHY,3.5,43.2,17.1,26.9,3.5,,many C,,,
5000-29232,7/22/2003,703,MCGC,TE,BTLH,F,AHY,3.6,49.1,19,29,6,L,3 C,,,
5000-29233,7/22/2003,705,MCGC,FE,BTLH,F,AHY,3.6,48.9,18.5,28.1,5.5,,,,,
5000-29234,7/22/2003,719,MCGC,FE,BTLH,F,AHY,3.3,48.3,18.1,27.4,5.5,"H, r3-5","1 C, rt",,,
5000-29235,7/22/2003,725,MCGC,TE,RUHU,F,AHY,3.4,42,17,26,3.5,M,,,,
5000-29236,7/22/2003,743,MCGC,TE,RUHU,M,AHY,3.5,39.8,15.6,29,2.5,,,,,
5000-29237,7/22/2003,740,MCGC,FE,RUHU,F,AHY,4.4,45.2,18,27.8,3.7,,,,,
5000-29238,7/22/2003,752,MCGC,TE,RUHU,F,AHY,3.6,43.8,17.5,28,3.5,,9 C,,,
5000-29239,7/22/2003,753,MCGC,FE,BTLH,M,AHY,3.1,49.6,18,29,4.7,,,,,
5000-29242,7/25/2003,1517,MCGC,FE,RUHU,F,AHY,3.6,43.4,18.5,25.5,3.8,L,12 C,,,
5000-29243,7/25/2003,1532,MCGC,FE,RUHU,F,AHY,3.7,43.9,18,26.7,3.8,H,many,,,
5000-29244,7/25/2003,1543,MCGC,FE,BTLH,M,HY,3.4,49.3,17,27.2,5.5,H,,,90%,
5000-29245,7/25/2003,1555,MCGC,FE,BTLH,F,AHY,3.2,51.4,19,27.6,5.5,,,H,,
5000-29246,7/25/2003,1606,MCGC,FE,RUHU,F,AHY,3.6,43.3,17.2,26.5,3.3,,6 small,,,
5000-29248,7/25/2003,1615,MCGC,FE,BTLH,M,AHY,3.5,48.9,17,31.5,4.5,,,,,
5000-29249,7/25/2003,1634,MCGC,FE,RUHU,F,AHY,3.9,43.9,18,27.7,3.5,,12 C,,,
5000-29250,7/25/2003,1640,MCGC,TE,RUHU,F,HY,3.2,43.9,17.2,26,4,,1 C,L,90%,
5000-29251,7/26/2003,558,MCGC,FE,RUHU,F,AHY,3.7,43.7,17.1,25,3.2,"L, r3-4",18 C,L,20%,
5000-29252,7/26/2003,612,MCGC,FE,BTLH,F,AHY,3.7,49.1,19.8,28.8,5.8,"H, r3-4",,,,
5000-29254,7/26/2003,640,MCGC,FE,BTLH,M,AHY,3.9,49.8,17.3,30.1,5,,,,,
5000-29253,8/11/2003,1640,MP1,TE,RUHU,M,HY,3.4,43.3,15.7,26,3,,3 C,H,90%,
5000-29255,7/26/2003,645,MCGC,FE,BTLH,F,AHY,3.6,51,18,29,5,,,,,
5000-29256,7/26/2003,655,MCGC,TE,RUHU,M,AHY,4,41,16.2,26,2.5,,,,,
5000-29257,7/26/2003,659,MCGC,FE,BTLH,F,AHY,3.4,51.1,19.2,30.2,5,,,,,L r1 shorter by 1.7mm
5000-29258,7/26/2003,708,MCGC,TE,BTLH,F,AHY,3.7,50.4,19.7,29.5,6,L,,,,
5000-29259,7/26/2003,718,MCGC,TE,RUHU,F,AHY,3.7,43.4,17.4,26.5,4,,,,,
5000-29260,7/26/2003,720,MCGC,FE,BTLH,M,AHY,3.5,49.8,18,31.8,4.9,,,,,
5000-29261,7/26/2003,725,MCGC,TE,BTLH,F,AHY,3.9,48.5,19.3,32,6,H,14 C,,,
5000-29262,7/26/2003,737,MCGC,TE,RUHU,F,AHY,3.5,43.2,15.9,28,4,L,12 C,,,
5000-29263,7/26/2003,800,MCGC,FE,BTLH,F,AHY,3.5,50.4,17.9,28.8,5.5,L,,H,,
5000-29264,7/26/2003,755,MCGC,TE,RUHU,F,AHY,3.5,43.4,17.9,26.5,4,,15 C,,,
5000-29265,7/26/2003,759,MCGC,TE,RUHU,F,AHY,3.8,45.8,17.5,27,3.5,,20+ C,,,
5000-29266,7/26/2003,815,MCGC,FE,BTLH,F,AHY,3.9,50.9,19.5,29.6,5.8,"L, r3",,M,,
5000-29267,7/26/2003,811,MCGC,TE,BTLH,M,AHY,3.6,49.2,17.5,31.5,5,,,,,
5000-29269,7/26/2003,825,MCGC,FE,BTLH,F,AHY,3.4,51.1,18,27.8,5.8,"L, r3",,,,pollen on bill
5000-29270,7/26/2003,842,MCGC,FE,RUHU,M,AHY,3.5,41.3,16.5,26,2.5,,,,,
5000-29271,7/26/2003,1900,MCGC,FE,BTLH,F,AHY,3.7,49,18.1,28.5,5,,,,,"stress marks r1, 4mm fm tip"
5000-29272,7/26/2003,1910,MCGC,FE,RUHU,F,AHY,3.8,43.9,18,27.1,3.5,,,,,
5000-29273,7/26/2003,1927,MCGC,FE,BTLH,F,AHY,3.9,51.1,19.1,29.1,6,"L, r4",,,,
5000-29274,7/26/2003,2010,MCGC,FE,CAHU,F,AHY,2.8,42.1,14.5,20.1,3.5,,11 C,,,
5000-29275,7/26/2003,2010,MCGC,FE,BTLH,F,HY,3.4,49.5,,30.2,5,,,VL,90%,r1-5 rounded tips
5000-29395,7/26/2003,615,MCGC,FE,BTLH,F,AHY,3.5,50.2,18,30,5,,,,,former n29253. Pine sap on leg and band. This is replacement band 
5000-29247,7/27/2003,705,MCGC,FE,RUHU,F,AHY,4.5,44.5,18.3,26.3,3.8,"L, r3 tip",many C,,,
5000-29268,7/27/2003,650,MCGC,FE,RUHU,M,AHY,3.9,40.5,17,29,2.9,,,,,
5000-29276,7/27/2003,725,MCGC,FE,BTLH,F,AHY,3.5,50.6,19,28.9,5.8,,,,,
5000-29277,7/27/2003,725,MCGC,FE,BTLH,M,AHY,3.6,49.5,18.5,27.5,5,,,,,
5000-29278,7/27/2003,746,MCGC,FE,RUHU,M,AHY,3.5,40.5,19,28,3,,,,,
5000-29279,7/27/2003,805,MCGC,FE,BTLH,M,HY,3.5,48.4,18.7,27.5,5.5,,,H,80%,"r3,4 pointed"
5000-29280,7/27/2003,825,MCGC,FE,RUHU,F,HY,3.8,44.7,17,27,3.6,,3 C,,90%,pollen on bill
5000-29281,7/27/2003,830,MCGC,TE,BTLH,F,AHY,4.1,49.1,18.9,29.5,4,,6 C,,,
5000-29282,7/27/2003,835,MCGC,TE,RUHU,F,AHY,3.9,44,19,26,3.5,,8,,,random gorget feathers
5000-29283,7/28/2003,705,MCGC,FE,RUHU,F,AHY,3.6,43.1,17.5,26.2,3.5,,19 C,,,
5000-29284,7/28/2003,625,MCGC,FE,BTLH,F,AHY,4.1,50.2,18.2,28.9,6,"L, r3",,,10%,
5000-29285,7/28/2003,644,MCGC,FE,BTLH,F,AHY,3.6,50.2,19,29.8,5.5,"M, r2-4",,,,
5000-29286,7/28/2003,655,MCGC,FE,BTLH,F,AHY,3.9,51,19,29,5.6,"L, r3",,,,
5000-29287,7/28/2003,710,MCGC,FE,BTLH,F,AHY,3.5,49.8,18.9,29.4,5.1,"H, r4-5",,,,
5000-29288,7/28/2003,1225,MCGC,TE,BTLH,M,AHY,3.6,48.9,18,29,4.5,,,,,
5000-29290,7/28/2003,1558,MP1,FE,BTLH,F,AHY,3.5,50.7,19.5,30.1,5.2,,,H,,
5000-29291,7/28/2003,1608,MP1,FE,BTLH,F,AHY,3.3,50.1,18,29.5,5.1,"L, r3-4",,,,
5000-29292,7/28/2003,1617,MP1,FE,BTLH,F,AHY,3.6,50.5,18.1,28,5.8,,,,,
5000-29293,7/28/2003,1625,MP1,FE,BTLH,F,AHY,4.3,52.6,19,29.2,5,,,,,
5000-29294,7/28/2003,1634,MP1,FE,BTLH,F,AHY,3.6,50.3,18.2,29,5.5,L,,,,pollen on bill and head
5000-29295,7/28/2003,1635,MP1,FE,BTLH,F,AHY,4.1,50.6,19,29,4.7,"M, r4-5",,,,
5000-29296,7/28/2003,1656,MP1,FE,RUHU,M,AHY,4.2,40.8,16,28,3.2,,,,,
5000-29297,7/28/2003,1659,MP1,FE,BTLH,F,AHY,3.9,51.6,19,29,5.5,"H, r3-4",,,,
5000-29298,7/28/2003,1710,MP1,FE,BTLH,F,AHY,3.5,51.7,19.9,29.8,5.8,L,,,,
5000-29299,7/28/2003,1720,MP1,TE,RUHU,M,AHY,3.9,38.5,15.6,25,2.5,,,,,
5000-29300,7/28/2003,1730,MP1,TE,BTLH,F,AHY,3.4,47.6,19,30,5,H,,,,
5000-29301,7/28/2003,1740,MP1,TE,RUHU,M,AHY,3.2,40,16,27,3,,,,,
5000-29302,7/28/2003,1742,MP1,TE,BTLH,M,AHY,3.4,48.4,18,30,5,,,,,
5000-29289,7/28/2003,1230,MCGC,TE,RUHU,M,HY,4.2,43.2,15.3,28,2.5,,1 C,H,70%,
5000-29303,8/1/2003,1915,MCGC,FE,RUHU,M,HY,3.7,42.5,16.5,27,3,,1 L of C,M,90%,
5000-29304,8/1/2003,1925,MCGC,FE,BTLH,F,AHY,4.1,49.9,19.2,30.1,5.5,,,M,,
5000-29305,8/1/2003,1930,MCGC,FE,BTLH,M,AHY,3.9,49.7,17,30.8,5,,,,,
5000-29306,8/1/2003,1945,MCGC,TE,BTLH,F,AHY,3.6,48.4,18.1,32,5,H,,,,
5000-29307,8/1/2003,1950,MCGC,TE,RUHU,M,HY,3.8,42.7,15.9,28.5,3.5,,7 C,L,60%,
5000-29308,8/1/2003,2000,MCGC,FE,RUHU,M,HY,3.4,41.8,16,26,3.2,,5 L of ctr,M-H,,
5000-29309,8/1/2003,2010,MCGC,FE,RUHU,F,AHY,3.7,43.6,18,26.9,3.1,,15 C,,10%,at base
5000-29310,8/2/2003,550,MCGC,FE,RUHU,F,AHY,3.7,43.3,18.3,27,3.8,"L, r2-5 ",many C,,,pollen on crown
5000-29311,8/2/2003,615,MCGC,FE,RUHU,F,AHY,4.1,44,18,26.8,3.5,"L, r1,3",many C,,,
5000-29312,8/2/2003,630,MCGC,FE,BTLH,F,AHY,3.6,51.6,19.2,31,5.5,"M, r3-4",,M,,
5000-29313,8/2/2003,633,MCGC,FE,RUHU,F,AHY,4.5,44.4,18.8,26,3,"L, r1-3",4 C,,,
5000-29314,8/2/2003,1910,MCGC,TE,RUHU,M,HY,3.5,42.6,16.2,25,3,,1,H,70%,
5000-29315,8/2/2003,658,MCGC,FE,BTLH,F,AHY,3.5,49.2,18.5,27,5.2,"L, r3",,,,brown tinge on tips of r3-5
5000-29316,8/2/2003,721,MCGC,FE,BTLH,F,AHY,3.4,52.1,19.5,30.5,5.8,"L, r3-4",,,,
5000-29317,8/2/2003,731,MCGC,FE,BTLH,F,AHY,4.2,51.5,18.8,29,5.5,"L, r3-4",,,,
5000-29318,8/2/2003,734,MCGC,TE,RUHU,F,AHY,3.8,43.4,17.4,25,3.5,H,20,,,
5000-29319,8/2/2003,746,MCGC,FE,BTLH,M,AHY,3.5,50.3,17.5,30,5.5,,,,,
5000-29320,8/2/2003,755,MCGC,TE,BTLH,F,AHY,3.5,50.5,17.9,30,6,"H, r1",,,,
5000-29321,8/2/2003,759,MCGC,TE,BTLH,M,AHY,3.7,50.1,17.5,31,5,,,,,"1 gorget feather, rear of eye"
5000-29322,8/2/2003,1835,MCGC,TE,RUHU,M,HY,3.5,44.2,16.1,27,3,,4 C,H,80%,
5000-29323,8/2/2003,1835,MCGC,FE,BTLH,M,HY,3.7,48.5,17,29.9,5.3,,,H,95%,pointed r2-5
5000-29324,8/2/2003,1850,MCGC,TE,BTLH,F,HY,3.9,50.6,18,32,6,,,M,70%,
5000-29325,8/2/2003,1855,MCGC,FE,BTLH,M,HY,3.7,50,17,28.8,6,,1 L,H,90%,"r2-5 rounded, but gorget feather is male type"
5000-29326,8/2/2003,1942,MCGC,TE,RUHU,F,AHY,3.5,43.7,17.6,27,4,,12 C,,,
5000-29327,8/2/2003,1920,MCGC,TE,BTLH,M,HY,3.7,48.9,17,31,5,,,M,95%,
5000-29328,8/2/2003,1940,MCGC,FE,BTLH,F,HY,4.1,51.1,17.8,28.5,6,,,M,95%,r1-5 rounded at tips 
5000-29329,8/2/2003,1945,MCGC,FE,BTLH,M,HY,3.7,48.2,19.5,27.5,5.5,,,M,95%,"r2 stripe, docile"
5000-29330,8/3/2003,641,MCGC,FE,RUHU,M,AHY,3.4,41.9,16.8,27.4,2.2,,,,,
5000-29332,8/3/2003,610,MCGC,FE,BTLH,F,AHY,3.3,50.3,19.1,28.5,5.9,"L, r3",,,,rt p10 missing tip
5000-29333,8/3/2003,610,MCGC,FE,RUHU,F,HY,3.7,45.2,17.5,26.2,4,,,L,80%,
5000-29334,8/3/2003,700,MCGC,FE,RUHU,M,HY,3.6,43.5,16,26,3,,3 L of C,m,85%,
5000-29335,8/3/2003,700,MCGC,TE,BTLH,F,AHY,3.3,49.9,18.5,29,6,M,,,,
5000-29336,8/3/2003,714,MCGC,TE,BTLH,F,AHY,3.6,49.8,18.4,30,5,M,,,,
5000-29337,8/3/2003,723,MCGC,FE,RUHU,F,AHY,3.6,45.4,17.5,25,4,,,L,80%,
5000-29338,8/3/2003,725,MCGC,TE,BTLH,M,HY,3.2,49.7,17.4,30.5,5.5,,1,H,90%,
5000-29339,8/3/2003,735,MCGC,TE,BTLH,M,AHY,3.5,49.3,17,30,5,,,,,
5000-29340,8/3/2003,1830,MCGC,FE,BTLH,F,AHY,3.5,50.1,19,30.6,5.5,"L, r3",,,,
5000-29341,8/3/2003,1842,MCGC,FE,CAHU,M,HY,2.9,43.6,9,19.3,4,,3 L of ctr,H,80%,
5000-29342,8/3/2003,1855,MCGC,FE,BTLH,F,AHY,3.8,49.8,18,28,5.5,,,L,,tips of both r1s missing ` 7mm
5000-29343,8/3/2003,1905,MCGC,TE,RUHU,F,AHY,3.7,44.3,18.4,26,4,H,6 C,L,,
5000-29344,8/3/2003,1907,MCGC,FE,RUHU,M,HY,3.9,42.3,15.5,26.7,3,"VH, r1-5",5 C,M,85%,all tips missing except 1 r1
5000-29346,8/4/2003,1656,MP1,FE,BTLH,M,AHY,3.6,50,17.3,30,4.5,,,,,
5000-29347,8/4/2003,1703,MP1,FE,BTLH,F,AHY,3.7,49.6,18.9,29.5,5.5,,,M,,
5000-29348,8/4/2003,1711,MP1,FE,BTLH,F,AHY,4.4,51.5,19,29.1,5.5,"VH, r1-5",,M,,r1 hardly exists
5000-29349,8/4/2003,1715,MP1,FE,BTLH,F,AHY,3.9,50,19.5,29.9,5,"H, r1",,,,top of bill 1 mm longer than bottom
5000-29350,8/4/2003,1725,MP1,FE,BTLH,F,AHY,3.6,50.5,18,30.5,5.8,"M, r3-4",,,,
5000-29351,8/4/2003,1730,MP1,FE,BTLH,F,AHY,3.9,51.1,18,29.2,6,"L, r3-4",,,,
5000-29352,8/4/2003,1745,MP1,TE,BTLH,F,AHY,3.7,49.5,18,31,5.5,H,,,,
5000-29353,8/4/2003,1750,MP1,TE,BTLH,F,AHY,4.2,49,20,29.5,6,,1,,,
5000-29354,8/4/2003,1756,MP1,TE,BTLH,M,AHY,3.8,49.6,18,32,5,,,,,
5000-29355,8/4/2003,1805,MP1,TE,BTLH,F,AHY,3.8,50.4,17.8,30,4.5,,,,,
5000-29356,8/4/2003,1810,MP1,TE,BTLH,F,AHY,4.3,51.4,18.9,30,6,M,,,,
5000-29357,8/4/2003,1815,MP1,TE,BTLH,F,AHY,3.9,50.1,18.8,31,5,,,,,
5000-29358,8/4/2003,1820,MP1,TE,BTLH,F,AHY,3.4,50.1,19.5,30,5,H,,,,
5000-29359,8/4/2003,1833,MP1,TE,BTLH,F,AHY,3.8,50,18,31,5.5,L,,,,
5000-29360,8/4/2003,1840,MP1,TE,BTLH,F,AHY,3.4,50.1,19,30,6,,,,,
5000-29361,8/4/2003,1845,MP1,TE,BTLH,M,HY,3.5,47.3,12.5,,,,,,,missing all rectrices
5000-29345,8/3/2003,1920,MCGC,FE,BTLH,F,AHY,4.2,50.3,18.2,30.2,5.5,,,M,,
5000-29362,8/4/2003,2000,MCGC,FE,RUHU,M,HY,3.5,43.4,16.3,27.1,3.1,"M, r1,4-5",2 C,M,80%,r1 tip missing
5000-29363,8/4/2003,2010,MCGC,FE,BTLH,F,HY,4,49.5,18.5,29.5,5.5,,,H,90%,no r2 stripe
5000-29364,8/4/2003,2022,MCGC,FE,CAHU,M,HY,3.1,40.9,13.5,20.2,4.1,,2 NC,,,
5000-29365,8/5/2003,1740,MCGC,FE,BTLH,M,HY,3.7,50.5,17.5,30.4,5.5,,,H,95%,
5000-29366,8/5/2003,1740,MCGC,FE,RUHU,M,HY,3.9,42.6,16,26.2,3,,2 C,,90%,
5000-29367,8/5/2003,1755,MCGC,TE,BTLH,F,HY,3.9,49.5,18,29,5,,,L,80%,
5000-29368,8/5/2003,1958,MCGC,FE,RUHU,F,HY,3.7,45.2,17.8,27.1,4.3,,,,90%,
5000-29369,8/5/2003,1820,MCGC,FE,BTLH,F,AHY,4,49.8,18.9,27,5,,,L,,
5000-29370,8/6/2003,1705,MCGC,FE,RUHU,M,HY,3.5,43.J62,16.2,27.9,3.4,,2 C,,85%,
5000-29371,8/6/2003,1712,MCGC,FE,BTLH,F,HY,3.5,49.3,17,29,5.5,,,M,90%,
5000-29372,8/6/2003,1740,MCGC,FE,RUHU,F,AHY,3.8,43.4,17.4,26.7,4,,many,,,
5000-29373,8/6/2003,1748,MCGC,FE,RUHU,F,HY,3.6,45,17.6,26,3.8,,,L,85%,
5000-29374,8/6/2003,1811,MCGC,FE,RUHU,F,AHY,4.3,43.9,17.7,26.5,3.5,"H, r3-5",many C,,,
5000-29375,8/6/2003,1758,MCGC,FE,BTLH,F,AHY,3.5,49.7,18.8,30.5,5.8,"L, r3-4",,,,"old injury to l side of bill at base, 3.5 mm"
5000-29376,8/6/2003,1820,MCGC,FE,RUHU,F,AHY,4.5,43.7,17.7,25.5,3.7,"M, r3-5",10 C,,,
5000-29377,8/6/2003,1823,MCGC,FE,RUHU,M,HY,3.5,42.3,17.2,27.9,3.2,,4 C,M,80%,
5000-29378,8/6/2003,1853,MCGC,FE,RUHU,F,AHY,4.2,44.7,17.3,27.8,3.5,,18+ C,,,
5000-29379,8/6/2003,1950,MCGC,FE,RUHU,F,AHY,4,43.5,18.1,28.1,3.9,"L, r3",10 C,,,
5000-29380,8/6/2003,1915,MCGC,FE,RUHU,M,HY,3.7,41.1,16,25.5,3.5,,3 C,M,90%,"AHY r5 rt side, 2.0mm., no rt r4 visible"
5000-29381,8/6/2003,1938,MCGC,FE,RUHU,F,HY,3.8,45.6,17.2,26.5,4.5,"L, r3",,VL,85%,
5000-29388,8/10/2003,1818,MCGC,FE,RUHU,M,HY,3.8,42.5,16.2,27,3.2,,4 C,M,85%,
5000-29389,8/10/2003,1820,MCGC,FE,RUHU,M,HY,3.2,43.2,15.5,26,3,,5 C,M,80%,
5000-29390,8/11/2003,625,MCGC,FE,CAHU,F,HY,2.7,44.5,15,21.5,4,,,L,85%,pollen on top of bill. Unusual r1-5 color
5000-29394,8/11/2003,625,MCGC,FE,RUHU,F,HY,3.3,44.8,17.6,26,4,,,L-M,85%,
5000-29396,8/11/2003,728,MCGC,FE,BTLH,M,AHY,3.8,49.7,17.8,30.2,4.6,,,,,
5000-29397,8/11/2003,802,MCGC,FE,RUHU,F,AHY,3.1,44.7,18.3,27,3.1,"H, r1,3-5",15 C,,,
5000-29398,8/11/2003,820,MCGC,FE,BTLH,M,HY,3.5,49.5,17,30,6,,1 R,H,85%,
5000-29399,8/11/2003,825,MCGC,TE,CAHU,M,HY,2.8,43.4,13.9,20,4,,1 C,,,
5000-29400,8/11/2003,830,MCGC,FE,BTLH,M,AHY,3.6,49.3,18,29.3,5.2,,,,,
5000-29401,8/11/2003,845,MCGC,TE,BTLH,M,AHY,4.3,50.3,17.6,32,6,,,,,
5000-29402,8/11/2003,905,MCGC,FE,BTLH,M,HY,3.3,49.7,17.6,28.5,5.6,,"2 C, 1 L",H,85%,pollen on bill
5000-29403,8/11/2003,1615,MP1,TE,BTLH,F,AHY,3.5,49.3,17.1,30,5,H,,,,
5000-29404,8/11/2003,1623,MP1,TE,BTLH,F,AHY,3.9,48.8,19.8,31.5,5,,5,,,
5000-29405,8/11/2003,1620,MP1,TE,BTLH,M,HY,3.8,49.9,18.5,29,5,,1 R,H,,
5000-29406,8/11/2003,1630,MP1,TE,BTLH,F,AHY,3.7,48.2,18.4,30,6,,5,H,,
5000-29407,8/11/2003,1648,MP1,TE,BTLH,F,AHY,3.5,49,17.9,29,6.5,,,,,
5000-29408,8/11/2003,1654,MP1,TE,BTLH,F,HY,3.9,51.2,18.2,31,5.5,,,,80%,
5000-29409,8/11/2003,1658,MP1,TE,BTLH,F,HY,4.6,48.8,18,30,6,,,,,
5000-29410,8/11/2003,1659,MP1,TE,BTLH,M,HY,4,48.3,16,28,6,,,,90%,
5000-29411,8/11/2003,1710,MP1,TE,BTLH,F,HY,3.4,50.2,18.5,29,6,,,,90%,
5000-29412,8/11/2003,1715,MP1,TE,BTLH,M,HY,3.7,49.9,17,29,6,,,,85%,
5000-29413,8/11/2003,1717,MP1,TE,BTLH,F,HY,3.4,49.6,19,31.5,5.5,,,,60%,
5000-29415,8/11/2003,1725,MP1,TE,RUHU,M,HY,3.7,42.1,16.8,26,3,,4 C,H,,
5000-29416,8/11/2003,1737,MP1,TE,BTLH,F,AHY,3.7,48.6,18.2,29,5.5,M-H,,,,
5000-29417,8/11/2003,1742,MP1,TE,BTLH,F,AHY,4,48.9,17.7,29,5,"H, r1",,,,new r2-5
5000-29418,8/11/2003,1750,MP1,TE,BTLH,F,AHY,4,51.2,18.4,30,5.3,H,,,50%,adult
5000-29419,8/11/2003,1754,MP1,TE,BTLH,F,AHY,4,50.6,18.8,31.5,6,,7 C,,,
5000-29420,8/11/2003,1899,MP1,TE,BTLH,F,AHY,3.8,50,19,30,5.1,,,,,
5000-29421,8/12/2003,635,MCGC,FE,BTLH,F,AHY,3.4,50.6,18.1,30.5,6,L,many,,,
5000-29422,8/12/2003,651,MCGC,FE,RUHU,M,HY,3.5,42.1,15.6,26.3,3,,2 C,,,
5000-29423,8/12/2003,700,MCGC,TE,BTLH,F,HY,4,49.2,18,29,6,,,L,,
5000-29424,8/12/2003,710,MCGC,FE,RUHU,F,HY,3.7,45.3,16.8,24.5,4,,"1 C, sm",L,85%,
5000-29425,8/12/2003,848,MCGC,FE,RUHU,F,AHY,3.5,44.4,17.8,27,3.5,"L, r1,3",many C,,,
5000-29426,8/12/2003,1223,MCGC,FE,BTLH,M,HY,3.3,48.1,18,29.5,5.5,,,,,"v dark r1-5, little ru at base"
5000-29427,8/12/2003,1248,MCGC,FE,BTLH,M,AHY,3.6,49.8,17.5,30.9,4.8,,,,,white tips r4-5
5000-29428,8/12/2003,1256,MCGC,FE,BTLH,F,AHY,3.9,49.4,19.2,31.5,5.5,"H, r3-4l,r5rt",,,,r5 rt missing tip
5000-29441,8/15/2003,1535,MCGC,FE,RUHU,M,HY,3.2,42.5,16.6,26.5,3.5,,5 C,M-H,,unusual r1 pattern
5000-29442,8/15/2003,1550,MCGC,FE,BTLH,F,AHY,3.9,,19.3,28.5,5.2,L,,,,"y. pollen, top of bill"
5000-29443,8/15/2003,1600,MCGC,TE,BTLH,M,AHY,3.4,49.6,16.7,32,5,,,,,
5000-29444,8/15/2003,1604,MCGC,FE,BTLH,F,AHY,3.4,49.2,18.5,29,5,"M, r3",,,,
5000-29445,8/17/2003,1821,MP1,TE,CAHU,M,HY,4,43,15.6,16,4.5,,,M,70%,tips of bill cross
5000-29446,8/15/2003,1620,MCGC,TE,RUHU,M,HY,3.4,40.9,16.2,26.5,4,,"9 C,R",L,90%,
5000-29447,8/15/2003,1630,MCGC,TE,RUHU,F,HY,3.1,45.1,17.3,26,4,,,L,90%,
4000-47651,8/16/2003,917,MCGC,FE,BTLH,M,AHY,4.1,50,18.5,27,5,,,,,r4-5 no white tip
4000-47652,8/16/2003,1251,MCGC,FE,BTLH,M,HY,3.6,50.1,17.5,24.5,5.5,,,H,70%,r1 shorter than r2-3. Y.pollen
4000-47653,8/16/2003,1303,MCGC,FE,BTLH,M,HY,3.7,49.9,17.5,no r1,6,,,H,90%,"missing Lr1,2 and rt r1 "
4000-47654,8/16/2003,1727,MCGC,FE,RUHU,M,HY,3.5,41.6,10.1,25.6,3,,1 C,M,,
5000-29448,8/16/2003,714,MCGC,FE,BTLH,F,HY,3.4,48.6,18.2,29.9,5.5,,,L,85%,
5000-29449,8/16/2003,720,MCGC,TE,BTLH,M,AHY,3.9,50.7,,30,5,,,,,
5000-29450,8/16/2003,726,MCGC,FE,BTLH,F,AHY,3.8,50.9,19.2,29.5,5.8,"L, r3",12 C,,,
4000-47655,8/17/2003,732,MCGC,FE,BTLH,M,AHY,3.4,49.7,17.5,28.2,4.5,,,,,r4-5 no white tip
4000-47656,8/17/2003,754,MCGC,FE,BTLH,F,AHY,4.7,52.2,19.8,30,5.5,"H,r3l,r3-5rt",,L,,fat-4
4000-47657,8/17/2003,829,MCGC,FE,BTLH,M,HY,3.9,52.5,18.5,31,5.4,,,L-M,60%,
4000-47658,8/17/2003,1711,MP1,TE,BTLH,M,HY,4,49.2,18.4,29,5.5,,,,,
4000-47659,8/17/2003,1721,MP1,TE,BTLH,M,HY,4.4,48.9,17.7,29,5,,,,,
4000-47660,8/17/2003,1730,MP1,TE,BTLH,F,AHY,4.4,50.4,18.6,30,5,,,,,
4000-47661,8/17/2003,1731,MP1,TE,BTLH,F,AHY,4,49.4,,29.8,5.5,,,,,
4000-47662,8/17/2003,1746,MP1,TE,BTLH,F,AHY,4,51,19,31,5.5,H,,,,
4000-47663,8/17/2003,1750,MP1,TE,RUHU,M,HY,4,42.2,15.5,25.5,3,,"4 C, 1 R",,,
4000-47664,8/17/2003,1801,MP1,TE,BTLH,F,AHY,3.7,49.8,19.3,30,5,,,L,,
4000-47665,8/17/2003,1813,MP1,TE,RUHU,M,HY,3.7,41.3,17,26,3,,2 C,,,
4000-47666,8/17/2003,1815,MP1,TE,BTLH,F,AHY,4.5,49.6,,,,L,,,,
4000-47667,8/17/2003,1830,MP1,FE,BTLH,F,AHY,4.5,49.2,18.2,30,5,H,,,,
4000-47668,8/17/2003,1835,MP1,FE,BTLH,M,HY,3.8,48.2,18.1,29,6,,many C,H,0%,"HY r1-5, unusual bill "
4000-47669,8/17/2003,1835,MP1,TE,BTLH,F,HY,3.6,50,17.5,29,5,,,L,40%,
4000-47670,8/18/2003,901,MCGC,FE,BTLH,F,AHY,3.4,50.5,19.2,29.5,5.5,"M, r4-5",,L,,
4000-47671,8/18/2003,923,MCGC,FE,BTLH,F,HY,4.1,50.2,18.5,29,5.2,,,H,90%,pollen on top of bill
4000-47672,8/18/2003,915,MCGC,TE,RUHU,M,HY,4,40.5,17,26.5,3,,"2 C, 1 R",M,70%,"lg gorget feather, rt.side"
4000-47673,8/18/2003,935,MCGC,TE,BTLH,M,HY,3.3,48.2,17,29,6,,,L,70%,
4000-47674,8/18/2003,950,MCGC,TE,BTLH,M,HY,3.7,48.4,17.5,30,5,,,L,80%,
4000-47675,8/18/2003,1000,MCGC,TE,BTLH,M,HY,3.6,49.4,16.1,29.5,6,,,L,90%,
4000-47676,8/18/2003,1001,MCGC,FE,BTLH,F,AHY,3.7,49.2,18,28,5,,,L,,ru on r3-5 feather shafts only
4000-47677,8/18/2003,1036,MCGC,FE,BTLH,M,HY,3.7,47.9,16.8,29,5.5,,,H,80%,pollen on top of bill
4000-47678,8/18/2003,1617,MP1,TE,BTLH,F,AHY,3.1,51.5,16.5,30,5,M,,,,
4000-47679,8/18/2003,1626,MP1,TE,BTLH,F,AHY,3.4,49.8,16.4,29.5,5,H,,,,old injury to rt wing-p9 misshaped
4000-47680,8/18/2003,1635,MP1,TE,BTLH,M,HY,3.7,49.7,18.4,31,6,,,L,80%,
4000-47681,8/18/2003,1648,MP1,TE,BTLH,F,AHY,3.6,49.3,17.9,28,5,M,,,,
4000-47682,8/18/2003,1641,MP1,TE,RUHU,F,HY,3.9,46.4,17.5,26,4,,,,,
4000-47683,8/18/2003,1714,MP1,TE,BTLH,M,AHY,4,49.1,18.1,32,5,,,,,
4000-47684,8/18/2003,1708,MP1,TE,BTLH,F,AHY,3.4,52.2,18,31,5.5,,,,,
4000-47685,8/18/2003,1720,MP1,TE,BTLH,F,AHY,3.5,48.9,17.7,32,6,H,,,,
4000-47686,8/18/2003,1727,MP1,TE,BTLH,F,AHY,3.9,50.1,18.1,30.5,5,,,,,
4000-47687,8/18/2003,1730,MP1,FE,BTLH,F,AHY,3.9,50.9,19.1,28.3,5.5,"M, r3-4",,,,1 white rump feather
4000-47688,8/18/2003,1735,MP1,FE,BTLH,F,AHY,4.4,49.7,18.5,28,5.9,,,,,
4000-47689,8/18/2003,1744,MP1,FE,BTLH,F,AHY,3.8,50.5,19.1,29.5,6,"H, r3-4",2 C,,,
4000-47690,8/18/2003,1750,MP1,FE,BTLH,M,HY,3.7,49.9,17,28.5,5.5,,,H,50%,
4000-47691,8/18/2003,1800,MP1,FE,BTLH,F,AHY,3.6,50.2,18.1,29.5,5.8,"H, r3&5",,,,rt r4 still in pin stage
4000-47692,8/18/2003,1803,MP1,FE,BTLH,F,AHY,3.8,50.6,18.5,29,5.2,,,,,
4000-47693,8/18/2003,1805,MP1,FE,BTLH,M,HY,4.7,52.7,20.8,30.1,5.8,,,M,50%,
4000-47694,8/18/2003,1827,MP1,FE,BTLH,F,AHY,3.7,50.1,20,31,5.8,,,,,
4000-47695,8/18/2003,1840,MP1,FE,BTLH,F,AHY,4.7,50.3,19,30,6,,,,,
4000-47696,8/18/2003,1849,MP1,FE,BTLH,F,AHY,3.8,50.2,19.1,29.8,5,,,,,
4000-47699,8/22/2003,900,MCGC,FE,BTLH,M,HY,3.7,48,17.2,27,5.8,,,H,90%,pointed rectrices
4000-47700,8/22/2003,912,MCGC,FE,BTLH,M,HY,4.2,48,17.8,28,5.8,,1 R,M,90%,pointed rectrices
4000-47702,8/22/2003,925,MCGC,FE,BTLH,M,HY,3.6,49.4,18,30.5,5.8,,,H,90%,similar to two previous
4000-47703,8/22/2003,1343,MP1,FE,BTLH,F,AHY,4,50.4,19.2,30.1,5.2,"M, r5",8 C,,,
4000-47704,8/22/2003,1435,MP1,FE,BTLH,M,HY,3.4,50.1,18,31,5.5,,,H,85%,"r2 pointed, no white tip"
4000-47705,8/22/2003,1537,MP1,FE,BTLH,F,AHY,4.1,51.6,18.6,32,6,"H, r3,5",,H,,
4000-47706,8/22/2003,1600,MP1,FE,BTLH,F,AHY,3.7,51.5,17.8,30.7,5.5,,1 R,,,
4000-47707,8/22/2003,1612,MP1,FE,BTLH,F,AHY,3.4,51.9,18,29.2,5.5,"L, r4",9 C,,,
4000-47708,8/22/2003,1624,MP1,FE,BTLH,F,AHY,3.4,50.6,19.2,31,5.8,"VH, r4,5",,,,"tips of r4,5 worn off"
4000-47709,8/22/2003,1645,MP1,FE,BTLH,F,AHY,4.1,50,18.9,30,5.8,"H, r5",6 L,,,gorget feathers in line down from bill
4000-47710,8/23/2003,814,MCGC,FE,BTLH,M,HY,3.5,49.5,17,28.5,5,,,M-H,70%,pollen on bill and crown
4000-47711,8/23/2003,825,MCGC,FE,BTLH,M,HY,3.6,49.7,17.1,28,5.5,,1 far L,L,85%,
4000-47712,8/23/2003,832,MCGC,TE,BTLH,M,AHY,3.8,47.7,17,31.5,5,,,,,
4000-47713,8/23/2003,830,MCGC,FE,BTLH,M,HY,2.9,48.2,16,30,4.5,,2 L,H,75%,
4000-47714,8/23/2003,850,MCGC,FE,RUHU,M,HY,3.8,42.8,17.2,25.4,3,,2 C,H,80%,
4000-47715,8/24/2003,741,MCGC,FE,BTLH,M,HY,3.4,49.9,17.4,27.8,5.7,,,H,75%,pollen on crown
4000-47716,8/24/2003,727,MCGC,FE,RUHU,F,HY,3.3,46.5,17,26.2,3,,,VL,85%,pollen on top of bill
4000-47717,8/24/2003,810,MCGC,FE,BTLH,F,HY,3.4,49.8,18,29.8,5.8,,,L,80%,pollen on bill and crown
4000-47718,8/24/2003,820,MCGC,TE,BTLH,M,HY,3.5,50,16.8,30,,,,M,80%,
4000-47719,8/24/2003,833,MCGC,FE,BTLH,F,HY,3.5,50.1,18,29.2,5.8,,,H,80%,
4000-47720,8/24/2003,850,MCGC,TE,BTLH,F,HY,3.4,49.6,17.6,31,5,,,L,80%,
4000-47721,8/25/2003,714,MCGC,FE,BTLH,M,HY,3.4,49.4,17,28.5,5,,many,H,75%,unusual gorget
4000-47722,8/26/2003,712,MCGC,FE,BTLH,M,HY,3.3,48.4,17,28.8,5.8,,1 C,VH,70%,
4000-47723,8/26/2003,724,MCGC,FE,BTLH,F,HY,3.4,49.6,17.9,29.5,5.8,,,L,75%,
4000-47724,8/26/2003,748,MCGC,FE,BTLH,M,HY,4.1,50.3,17,31,5.2,,1 C,M,85%,
4000-47725,8/26/2003,800,MCGC,FE,BTLH,M,HY,3.6,48.5,18.2,27.5,5.8,,2 C,M-H,,pollen on crown and bill. Similar to 22 above
4000-47731,8/31/2003,652,MCGC,FE,BTLH,F,HY,3.4,49.6,17.9,30,5.8,,,L,90%,31&32 have very similar r2-6 markings
4000-47732,8/31/2003,712,MCGC,FE,BTLH,M,HY,3.6,49.9,17,29.5,5.5,,1 far L,H,85%,31&32 have very similar r2-6 markings
4000-47733,9/1/2003,805,MCGC,FE,BTLH,F,HY,3.6,51.2,17.1,30.5,5.5,,,M,80%,
4000-47734,9/1/2003,817,MCGC,FE,BTLH,M,HY,3.8,48.9,17.5,28.1,5,,,M,90%,
4000-47735,9/1/2003,847,MCGC,TE,BTLH,F,HY,3.4,48.2,16.4,28,5.5,,,L,90%,
4000-47736,9/1/2003,910,MCGC,FE,BTLH,F,HY,3.6,49.7,17.5,28.6,5.2,,,H,80%,
4000-47737,9/2/2003,737,MCGC,FE,BTLH,M,HY,3.8,51.1,15.5,30.2,5.5,,"2 C, 1 L",M,80%,
4000-47738,9/2/2003,749,MCGC,FE,BTLH,F,AHY,4,51.3,19,31,6,,,L,<30%,broad r1
4000-47739,9/2/2003,809,MCGC,FE,BTLH,F,HY,3.3,50.3,18.8,30.4,5.2,,,L,,old injury 3mm from base of bill
4000-47740,9/2/2003,849,MCGC,FE,BTLH,M,HY,3.4,49.6,16.5,30,5.5,,1 C,H,,
4000-47741,9/2/2003,1031,MCGC,FE,BTLH,F,HY,3.3,47.8,17.9,28.2,5.1,,,L-M,80%,
4000-47742,9/2/2003,1048,MCGC,FE,BTLH,M,HY,3.7,50.4,18.2,28.3,5,,2 C,H,90%,
4000-47751,9/8/2003,1423,MCGC,FE,BTLH,M,HY,3.6,52.2,17,31,5.5,,1 C,,80%,pollen on top of bill
4000-47752,9/12/2003,717,MCGC,FE,BTLH,M,HY,3.6,48.2,16,29.8,5.4,,,H,90%,
4000-47753,9/14/2003,805,MCGC,FE,BTLH,M,HY,3.6,50.8,17,29.5,5.5,,,H,85%,
