"","band","band_status","recap_yr","recaptured_sex","recapture_age","site_recap","r1","comments"
"1","4100-59602","R",2012,"F","AHY","MP1","5/15, E7, 4.2",""
"2","4100-59377","R",2012,"F","AHY","MP1","5/15, 3.8",""
"3","4100-59042","R",2012,"F","AHY","MP1","5/15, 3.4",""
"4","4100-59875","R",2012,"M","AHY","MP1","5/15, 3.3",""
"5","4100-59244","R",2012,"M","AHY","MP1","5/15, 3.3",""
"6","9000-39930","R",2012,"F","AHY","MP1","5/15, E6, 3.7",""
"7","4100-59245","R",2012,"M","AHY","MP1","5/20, 3.7",""
"8","4100-59483","R",2012,"F","AHY","MP1","5/20, E6+, 3.95",""
"9","4100-58833","R",2012,"F","AHY","MP1","5/20, E8, 3.9",""
"10","9100-28850","R",2012,"M","AHY","MP1","5/20, 3.5","p9 5.2mm<p10; both sheaths visible"
"11","4100-59602","R",2012,"F","AHY","MP1","5/20, E6, 3.8",""
"12","4100-59146","R",2012,"F","AHY","MP1","5/20, E9, 4.4",""
"13","9000-12455","R",2012,"F","AHY","MP1","5/20, E6, 3.6",""
"14","9000-39860","R",2012,"F","AHY","MP1","5/20, 3.8","spider web under band-moved to L leg"
"15","4100-08840","R",2012,"F","AHY","MP1","5/20, E9, 4.6",""
"16","4100-59294","R",2012,"M","AHY","MP1","5/20, 3.3",""
"17","9000-90307","R",2012,"F","AHY","HOLZ","5/21, E6-, 3.9",""
"18","4100-59923","R",2012,"F","AHY","HOLZ","5/21, 3.65",""
"19","9000-58723","R",2012,"F","AHY","HOLZ","5/21, 3.6",""
"20","4100-08778","R",2012,"F","AHY","HOLZ","5/21, E6, 3.9",""
"21","4100-59668","R",2012,"F","AHY","HOLZ","5/21, 4",""
"22","4100-08778","R",2012,"F","AHY","HOLZ","5/21, E6, Again, 3.8",""
"23","4100-07966","R",2012,"M","AHY","MP1","5/22, 3.6",""
"24","3100-42137","R",2012,"M","AHY","MP1","5/26, 3.2",""
"25","4100-58614","R",2012,"F","AHY","KV1","5/27, E6, 3.6",""
"26","4100-59254","R",2012,"M","AHY","KV1","5/27, 3.1",""
"27","4100-59415","R",2012,"F","AHY","KV1","5/27, E6, 3.99",""
"28","4100-59882","R",2012,"M","AHY","KV1","5/27, 3.4",""
"29","4100-59346","R",2012,"F","AHY","KV1","5/27, 3.3",""
"30","4100-59588","R",2012,"F","AHY","KV1","5/27, E7, 3.7",""
"31","3100-42164","R",2012,"F","AHY","KV1","5/27, E6+, 3.7",""
"32","4100-08158","R",2012,"F","AHY","KV1","5/27, E6, 3.9",""
"33","4100-08622","R",2012,"F","AHY","GNMTN","5/27, 3.6",""
"34","4100-59428","R",2012,"F","AHY","GNMTN","5/27, E8, 4.3",""
"35","9000-90143","R",2012,"F","AHY","GNMTN","5/27, 3.5",""
"36","4100-08629","R",2012,"F","AHY","GNMTN","5/27, E9, 4.4",""
"37","4100-59489","R",2012,"F","AHY","GNMTN","5/27, E9, 4.2",""
"38","3100-42227","R",2012,"F","AHY","GNMTN","5/27, E9, 4.4",""
"39","4100-59389","R",2012,"F","AHY","GNMTN","5/27, E8, 4",""
"40","9100-23041","R",2012,"M","AHY","GNMTN","5/27, ",""
"41","4100-08915","R",2012,"F","AHY","GNMTN","5/27, 4",""
"42","3100-42225","R",2012,"F","AHY","HOLZ","5/27, E6, 4",""
"43","9000-40108","R",2012,"F","AHY","HOLZ","5/27, E8, 4.3",""
"44","4100-59598","R",2012,"M","AHY","HOLZ","5/27, 3.3",""
"45","4100-08546","R",2012,"F","AHY","HOLZ","5/27, E8, 4",""
"46","4100-59310","R",2012,"F","AHY","HOLZ","5/27, 4.1",""
"47","3100-41757","R",2012,"F","AHY","HOLZ","5/27, E7, 3.89",""
"48","4100-59598","R",2012,"M","AHY","HOLZ","5/27, 3.3",""
"49","9000-40108","R",2012,"F","AHY","HOLZ","5/27, 4.03",""
"50","4100-59668","R",2012,"F","AHY","HOLZ","5/27, E9, 5.31",""
"51","4100-08778","R",2012,"F","AHY","HOLZ","5/27, 3.6",""
"52","4100-59178","R",2012,"F","AHY","MP1","5/28, 3.88",""
"53","3100-41877","R",2012,"F","AHY","MP1","5/28, 3.61",""
"54","4100-59808","R",2012,"M","AHY","MP1","5/28, 3.8",""
"55","4100-59872","R",2012,"M","AHY","MP1","5/28, 3.2",""
"56","4100-08214","R",2012,"F","AHY","MP1","5/28, 3.1",""
"57","4100-59010","R",2012,"M","AHY","MP1","5/28, 3.47",""
"58","4100-59472","R",2012,"F","AHY","MP1","5/28, E8, 4.33",""
"59","4100-59641","R",2012,"F","AHY","MP1","5/28, 3.63",""
"60","9000-90251","R",2012,"F","AHY","MP1","5/28, E8, 4.27",""
"61","9100-23040","R",2012,"M","AHY","MP1","5/28, 3.08",""
"62","4100-59021","R",2012,"M","AHY","MP1","5/28, 3.25",""
"63","4100-59827","R",2012,"F","AHY","MP1","5/28, 3.73",""
"64","4100-59109","R",2012,"F","AHY","MP1","5/28, 3.38",""
"65","9100-22939","R",2012,"F","AHY","MP1","5/28, ","Banded earlier today"
"66","4100-59146","R",2012,"F","AHY","MP1","5/28, 3.55",""
"67","4100-59941","R",2012,"M","AHY","MP1","5/28, ","banding demonstration"
"68","4100-59336","R",2012,"F","AHY","MP1","5/28, ","banding demonstration"
"69","4100-58833","R",2012,"F","AHY","MP1","5/28, ","banding demonstration"
"70","4100-59195","R",2012,"F","AHY","MP1","5/28, ",""
"71","4100-59467","R",2012,"F","AHY","MP1","5/28, 4.12",""
"72","4100-58522","R",2012,"F","AHY","MP1","5/28, 3.45",""
"73","4100-08390","R",2012,"F","AHY","MP1","5/28, E8, 4.19",""
"74","4100-59482","R",2012,"F","AHY","MP1","5/28, 3.17",""
"75","4100-59483","R",2012,"F","AHY","MP1","5/28, 3.3",""
"76","9000-39227","R",2012,"F","AHY","MP1","5/28, 3.55",""
"77","4100-59905","R",2012,"F","AHY","MP1","5/30, 3.56",""
"78","4100-59010","R",2012,"M","AHY","MP1","5/30, 3.28",""
"79","4100-59554","R",2012,"F","AHY","MP1","5/30, E6, 3.53",""
"80","4100-14147","R",2012,"M","AHY","MP1","5/30, 3.42",""
"81","9100-22900","R",2012,"F","AHY","MP1","5/30, E6, 3.63",""
"82","4100-42504","R",2012,"F","AHY","MP1","5/30, 3.47",""
"83","4100-58569","R",2012,"M","AHY","MP1","5/30, 3.04",""
"84","6000-53818","R",2012,"F","AHY","MP1","5/30, 3.38",""
"85","9000-91329","R",2012,"F","AHY","MP1","5/30, 3.53",""
"86","4100-59021","R",2012,"M","AHY","MP1","5/30, 3.2",""
"87","9000-93691","R",2012,"M","AHY","MP1","5/30, E8, 3.24",""
"88","9100-22706","R",2012,"M","AHY","MP1","5/30, E7+, 3.2",""
"89","4100-58524","R",2012,"F","AHY","MP1","5/30, 3.45",""
"90","4100-08791","R",2012,"F","AHY","MP1","5/30, 4.01",""
"91","4100-59142","R",2012,"F","AHY","MP1","5/30, 3.79",""
"92","4100-58618","R",2012,"F","AHY","MP1","5/30, 3.25",""
"93","9100-23050","R",2012,"M","AHY","MP1","5/30, 3.17",""
"94","9100-22954","R",2012,"M","AHY","MP1","5/30, 3.15",""
"95","4100-59102","R",2012,"F","AHY","MP1","5/30, 3.76",""
"96","4100-59222","R",2012,"M","AHY","MP1","5/30, 3.21",""
"97","4100-59478","R",2012,"F","AHY","MP1","5/30, 3.56",""
"98","4100-59778","R",2012,"M","AHY","MP1","5/30, 3.21",""
"99","4100-58993","R",2012,"M","AHY","MP1","5/30, 3.17",""
"100","9100-23082","R",2012,"M","AHY","MP1","5/30, "," banded today"
"101","9100-23039","R",2012,"M","AHY","MP1","6/1, 3.3",""
"102","4100-59040","R",2012,"F","AHY","MP1","6/1, E9, 3.96",""
"103","9100-22935","R",2012,"F","AHY","MP1","6/1, 3.34",""
"104","4100-59345","R",2012,"F","AHY","MP1","6/1, E8, 3.67",""
"105","6000-53739","R",2012,"F","AHY","MP1","6/1, E8, 3.81",""
"106","9100-22943","R",2012,"F","AHY","MP1","6/1, E7, 4.43",""
"107","4100-59941","R",2012,"M","AHY","MP1","6/1, 2.94",""
"108","4100-58993","R",2012,"M","AHY","MP1","6/1, 3.25",""
"109","4100-59876","R",2012,"M","AHY","MP1","6/1, 3.17",""
"110","4100-08451","R",2012,"F","AHY","MP1","6/1, 3.57",""
"111","4100-58519","R",2012,"F","AHY","MP1","6/1, 3.82",""
"112","9100-22943","R",2012,"F","AHY","MP1","6/1, ",""
"113","4100-59821","R",2012,"F","AHY","MP1","6/1, 3.3",""
"114","9100-23084","R",2012,"M","AHY","MP1","6/1, 3.12",""
"115","4100-59580","R",2012,"F","AHY","MP1","6/1, 3.46",""
"116","9000-12435","R",2012,"F","AHY","MP1","6/1, 3.3",""
"117","3100-41611","R",2012,"F","AHY","MP1","6/1, 3.51",""
"118","4100-58501","R",2012,"F","AHY","MP1","6/1, E8, 3.8",""
"119","3100-42237","R",2012,"F","AHY","MP1","6/1, 3.44",""
"120","4100-59689","R",2012,"F","AHY","MP1","6/1, E7, 3.42",""
"121","4100-08840","R",2012,"F","AHY","MP1","6/1, 3.49",""
"122","4100-59602","R",2012,"F","AHY","MP1","6/1, 3.58",""
"123","9000-39319","R",2012,"F","AHY","MP1","6/1, 3.78",""
"124","4100-59254","R",2012,"M","AHY","KV1","6/1, 3.04",""
"125","4100-58614","R",2012,"F","AHY","KV1","6/1, 3.49",""
"126","4100-08763","R",2012,"F","AHY","KV1","6/1, 3.63",""
"127","9000-90307","R",2012,"F","AHY","HOLZ","6/1, 3.86",""
"128","3100-41757","R",2012,"F","AHY","HOLZ","6/1, 3.52",""
"129","4100-59541","R",2012,"F","AHY","HOLZ","6/1, E8, 4.01",""
"130","9100-22930","R",2012,"F","AHY","HOLZ","6/1, E6, 3.7",""
"131","9000-39817","R",2012,"F","AHY","HOLZ","6/1, 3.76",""
"132","9100-22931","R",2012,"F","AHY","HOLZ","6/1, 3.73",""
"133","9000-40138","R",2012,"F","AHY","HOLZ","6/1, 3.63",""
"134","3100-42225","R",2012,"F","AHY","HOLZ","6/1, 3.83",""
"135","4100-08456","R",2012,"F","AHY","MP1","6/5, 4.27",""
"136","4100-08840","R",2012,"F","AHY","MP1","6/5, 3.69",""
"137","4100-59103","R",2012,"F","AHY","MP1","6/5, 3.69",""
"138","9100-23024","R",2012,"M","AHY","MP1","6/5, 3.03",""
"139","9100-23002","R",2012,"M","AHY","MP1","6/5, 3.37",""
"140","4100-59517","R",2012,"F","AHY","MP1","6/5, 3.65",""
"141","9100-22943","R",2012,"F","AHY","MP1","6/5, 3.83",""
"142","9100-23056","R",2012,"M","AHY","MP1","6/5, 3.34",""
"143","4100-58569","R",2012,"M","AHY","MP1","6/5, 3.21",""
"144","4100-08193","R",2012,"F","AHY","MP1","6/5, 3.6",""
"145","4100-59021","R",2012,"M","AHY","MP1","6/5, 3.22",""
"146","4100-59668","R",2012,"F","AHY","HOLZ","6/7, 3.71",""
"147","9000-39817","R",2012,"F","AHY","HOLZ","6/7, 3.46",""
"148","9100-23217","R",2012,"M","AHY","HOLZ","6/7, 3.22",""
"149","9000-90307","R",2012,"F","AHY","HOLZ","6/7, 3.5",""
"150","9100-23138","R",2012,"F","AHY","HOLZ","6/7, E6-, 3.4",""
"151","3100-42225","R",2012,"F","AHY","HOLZ","6/7, E6, 3.68",""
"152","3100-41757","R",2012,"F","AHY","HOLZ","6/7, 3.42",""
"153","9100-23139","R",2012,"F","AHY","HOLZ","6/7, 3.66",""
"154","9100-23138","R",2012,"F","AHY","HOLZ","6/7, E6, 3.4",""
"155","9100-23142","R",2012,"F","AHY","HOLZ","6/7, E6, 3.6",""
"156","4100-59598","R",2012,"M","AHY","HOLZ","6/7, 3.27",""
"157","9100-23217","R",2012,"M","AHY","HOLZ","6/7, 3.14",""
"158","4100-08546","R",2012,"F","AHY","HOLZ","6/7, 3.92",""
"159","9000-90129","R",2012,"F","AHY","GNMTN","6/7, 3.47",""
"160","4100-08820","R",2012,"F","AHY","GNMTN","6/7, 3.8",""
"161","4100-59427","R",2012,"F","AHY","GNMTN","6/7, E6, 3.9",""
"162","9100-23041","R",2012,"M","AHY","GNMTN","6/7, 3.29",""
"163","9000-90293","R",2012,"F","AHY","GNMTN","6/7, 4.32",""
"164","4100-59484","R",2012,"F","AHY","GNMTN","6/7, 3.69",""
"165","3100-42469","R",2012,"F","AHY","GNMTN","6/7, E9, 4.83",""
"166","4100-08681","R",2012,"F","AHY","GNMTN","6/7, 3.67",""
"167","9100-22923","R",2012,"F","AHY","MP1","6/9, 3.26",""
"168","9100-23243","R",2012,"M","AHY","MP1","6/9, 3.3",""
"169","4100-59830","R",2012,"F","AHY","MP1","6/9, 4.09",""
"170","4100-59175","R",2012,"F","AHY","MP1","6/9, 3.35",""
"171","4100-59362","R",2012,"F","AHY","MP1","6/9, E8, 4.2",""
"172","4100-58508","R",2012,"F","AHY","MP1","6/9, 3.46",""
"173","4100-59578","R",2012,"F","AHY","MP1","6/9, 3.27",""
"174","4100-08437","R",2012,"F","AHY","MP1","6/9, 4.19",""
"175","4100-59146","R",2012,"F","AHY","MP1","6/9, 3.45",""
"176","3100-41739","R",2012,"F","AHY","MP1","6/9, 3.23",""
"177","9100-22972","R",2012,"F","AHY","MP1","6/9, E6-, 3.56",""
"178","4100-08563","R",2012,"F","AHY","MP1","6/9, E6+, 3.55",""
"179","4100-08569","R",2012,"F","AHY","MP1","6/9, 3.5",""
"180","4100-58501","R",2012,"F","AHY","MP1","6/9, 3.44",""
"181","9000-91361","R",2012,"F","AHY","MP1","6/11, 4.57","band to left leg"
"182","9100-23202","R",2012,"M","AHY","MP1","6/11, 3.21",""
"183","4100-59174","R",2012,"F","AHY","MP1","6/11, 3.51",""
"184","9100-22990","R",2012,"F","AHY","MP1","6/11, 3.3",""
"185","4100-59850","R",2012,"F","AHY","MP1","6/11, 3.56",""
"186","9100-23101","R",2012,"F","AHY","MP1","6/11, 3.34",""
"187","9100-22803","R",2012,"M","AHY","MP1","6/11, 3.2",""
"188","9100-23277","R",2012,"F","AHY","MP1","6/11, 3.19",""
"189","9100-22994","R",2012,"F","AHY","MP1","6/11, 3.34",""
"190","9100-23136","R",2012,"F","AHY","MP1","6/11, E7, 3.7",""
"191","3100-41822","R",2012,"F","AHY","MP1","6/11, 3.28",""
"192","4100-58504","R",2012,"F","AHY","MP1","6/11, 3.65",""
"193","4100-59481","R",2012,"F","AHY","MP1","6/11, 3.55",""
"194","4100-59160","R",2012,"F","AHY","MP1","6/11, 3.57",""
"195","4100-59757","R",2012,"F","AHY","MP1","6/11, 3.59",""
"196","9000-39860","R",2012,"F","AHY","MP1","6/11, 3.47",""
"197","4100-59021","R",2012,"M","AHY","MP1","6/11, 3.2",""
"198","4100-08172","R",2012,"F","AHY","MP1","6/11, 3.28",""
"199","9100-23153","R",2012,"M","AHY","HOLZ","6/13, 3.3",""
"200","9100-23192","R",2012,"M","AHY","HOLZ","6/13, 3.13",""
"201","4100-59598","R",2012,"M","AHY","HOLZ","6/13, 3.14",""
"202","4100-58723","R",2012,"F","AHY","HOLZ","6/13, 3.4",""
"203","4100-58517","R",2012,"F","AHY","GNMTN","6/13, 3.68",""
"204","4100-08817","R",2012,"F","AHY","GNMTN","6/13, 3.66",""
"205","4100-08619","R",2012,"F","AHY","GNMTN","6/13, 3.63",""
"206","4100-59427","R",2012,"F","AHY","GNMTN","6/13, 3.93",""
"207","9100-23379","R",2012,"F","AHY","GNMTN","6/13, ","Banded earlier today"
"208","9100-23305","R",2012,"M","AHY","GNMTN","6/13, ","Banded earlier today"
"209","4100-59390","R",2012,"F","AHY","GNMTN","6/13, 4",""
"210","9100-23257","R",2012,"F","AHY","GNMTN","6/13, 3.66",""
"211","9000-90915","R",2012,"F","AHY","MP1","6/18, 3.72",""
"212","4100-08716","R",2012,"F","AHY","MP1","6/18, 3.62",""
"213","9100-23402","R",2012,"F","AHY","MP1","6/18, 3.86","Banded earlier today"
"214","9100-22996","R",2012,"F","AHY","MP1","6/18, 4.81",""
"215","9100-23211","R",2012,"M","AHY","MP1","6/18, 3.46",""
"216","4100-59876","R",2012,"M","AHY","MP1","6/18, 3.19",""
"217","9100-23277","R",2012,"F","AHY","MP1","6/19, 3.35",""
"218","9100-22969","R",2012,"F","AHY","MP1","6/19, 3.74",""
"219","9100-22874","R",2012,"F","AHY","MP1","6/19, 3.45",""
"220","9100-23211","R",2012,"M","AHY","MP1","6/19, 3.3",""
"221","4100-13781","R",2012,"F","AHY","MP1","6/19, 3.76",""
"222","9100-23053","R",2012,"M","AHY","MP1","6/19, 3.27",""
"223","3100-42497","R",2012,"F","AHY","MP1","6/19, 3.94",""
"224","9100-23243","R",2012,"M","AHY","MP1","6/19, 3.4",""
"225","4100-59020","R",2012,"M","AHY","MP1","6/19, 3",""
"226","4100-59021","R",2012,"M","AHY","MP1","6/19, 3.29",""
"227","4100-59108","R",2012,"F","AHY","MP1","6/19, 3.65",""
"228","9100-23273","R",2012,"F","AHY","MP1","6/19, 3.48",""
"229","4100-08173","R",2012,"F","AHY","MP1","6/19, 3.87",""
"230","4100-59164","R",2012,"M","AHY","MP1","6/19, 3.21",""
"231","4100-59464","R",2012,"F","AHY","MP1","6/19, 3.37",""
"232","9100-23322","R",2012,"M","AHY","MP1","6/19, 3.06",""
"233","9100-22993","R",2012,"F","AHY","MP1","6/19, 3.94",""
"234","4100-59759","R",2012,"F","AHY","MP1","6/19, 3.59",""
"235","3100-42735","R",2012,"F","AHY","MP1","6/19, 3.6",""
"236","9000-39929","R",2012,"F","AHY","MP1","6/19, 3.84",""
"237","9100-22970","R",2012,"F","AHY","MP1","6/19, 3.5",""
"238","9100-23359","R",2012,"F","AHY","MP1","6/19, 3.34",""
"239","9100-23011","R",2012,"M","AHY","MP1","6/19, 3.12",""
"240","9000-39412","R",2012,"F","AHY","KV1","6/21, 3.43",""
"241","9100-22926","R",2012,"F","AHY","KV1","6/21, 3.45",""
"242","4100-08902","R",2012,"F","AHY","KV1","6/21, 3.61",""
"243","4100-59487","R",2012,"F","AHY","GNMTN","6/21, 3.45",""
"244","9100-23383","R",2012,"M","AHY","GNMTN","6/21, 3.77",""
"245","9100-23155","R",2012,"M","AHY","GNMTN","6/21, 3.38",""
"246","4100-59425","R",2012,"F","AHY","GNMTN","6/21, 4.65",""
"247","3100-41700","R",2012,"F","AHY","GNMTN","6/21, ",""
"248","9000-90560","R",2012,"M","AHY","HOLZ","6/21, 3.19",""
"249","9100-23192","R",2012,"M","AHY","HOLZ","6/21, 3.17",""
"250","4100-08547","R",2012,"F","AHY","HOLZ","6/21, 3.5",""
"251","3100-42601","R",2012,"F","AHY","HOLZ","6/21, 3.64",""
"252","9100-23143","R",2012,"F","AHY","HOLZ","6/21, 3.81",""
"253","4100-59923","R",2012,"F","AHY","HOLZ","6/21, 3.6",""
"254","9100-23145","R",2012,"F","AHY","HOLZ","6/21, 3.56",""
"255","9000-39890","R",2012,"F","AHY","HOLZ","6/21, 3.65",""
"256","9100-23150","R",2012,"M","AHY","HOLZ","6/21, 3.3",""
"257","9100-23153","R",2012,"M","AHY","HOLZ","6/21, 3.46",""
"258","9100-23263","R",2012,"F","AHY","GNMTN","7/6, ",""
"259","9100-23464","R",2012,"F","AHY","GNMTN","7/6, ",""
"260","9000-90129","R",2012,"F","AHY","GNMTN","7/6, E8+, 4.6",""
"261","4100-08774","R",2012,"F","AHY","GNMTN","7/6, 3.9",""
"262","4100-59835","R",2012,"F","AHY","GNMTN","7/6, 3.6",""
"263","4100-08915","R",2012,"F","AHY","GNMTN","7/6, 3.8",""
"264","9100-23157","R",2012,"M","AHY","GNMTN","7/6, 3.2",""
"265","9100-22958","R",2012,"F","AHY","GNMTN","7/6, 3.4",""
"266","9100-23142","R",2012,"F","AHY","HOLZ","7/6, 3.5",""
"267","9100-23480","R",2012,"F","AHY","HOLZ","7/6, 3.4",""
"268","4100-59952","R",2012,"F","AHY","HOLZ","7/6, E9, 4.1",""
"269","9100-23481","R",2012,"F","AHY","HOLZ","7/6, 3.7",""
"270","9100-23147","R",2012,"F","AHY","HOLZ","7/6, 3.4",""
"271","9100-23145","R",2012,"F","AHY","HOLZ","7/6, 3.4",""
"272","9100-23508","R",2012,"M","AHY","HOLZ","7/6, 3.3",""
"273","4100-08547","R",2012,"F","AHY","HOLZ","7/6, 3.5",""
"274","9100-23490","R",2012,"F","AHY","HOLZ","7/6, 3.7",""
"275","9100-23556","R",2012,"F","AHY","HOLZ","7/6, E7+, 3.8",""
"276","9100-23147","R",2012,"F","AHY","HOLZ","7/6, 3.6",""
"277","9100-23376","R",2012,"F","AHY","HOLZ","7/6, 3.6",""
"278","9100-23138","R",2012,"F","AHY","HOLZ","7/6, 3.5",""
"279","9100-23301","R",2012,"M","AHY","HOLZ","7/6, 3.2",""
"280","4100-59190","R",2012,"M","AHY","MP1","7/8, 3.13",""
"281","4100-07822","R",2012,"F","AHY","MP1","7/8, fat, 4.57","fat"
"282","9100-22941","R",2012,"F","AHY","MP1","7/8, 3.46",""
"283","9100-22997","R",2012,"F","AHY","MP1","7/8, 3.83",""
"284","4100-58833","R",2012,"F","AHY","MP1","7/8, 3.9",""
"285","4100-59151","R",2012,"F","AHY","MP1","7/8, 3.59",""
"286","9100-23431","R",2012,"F","AHY","MP1","7/8, 3.67",""
"287","3100-42873","R",2012,"F","AHY","MP1","7/8, 3.95",""
"288","4100-08834","R",2012,"F","AHY","MP1","7/8, 3.63",""
"289","3100-42304","R",2012,"F","AHY","MP1","7/8, 3.33",""
"290","9100-23361","R",2012,"F","AHY","MP1","7/8, 4.16",""
"291","4100-58569","R",2012,"M","AHY","MP1","7/8, 3.11",""
"292","4100-59828","R",2012,"F","AHY","MP1","7/8, 3.93",""
"293","4100-59635","R",2012,"F","AHY","MP1","7/8, 3.59",""
"294","9100-22932","R",2012,"F","AHY","MP1","7/8, ",""
"295","9100-22950","R",2012,"F","AHY","MP1","7/8, ",""
"296","9000-90251","R",2012,"F","AHY","MP1","7/8, 3.8",""
"297","4100-59190","R",2012,"F","AHY","MP1","7/8, 3.78",""
"298","4100-59151","R",2012,"F","AHY","MP1","7/8, ","again"
"299","9100-23208","R",2012,"M","AHY","HPK2","7/12, 3",""
"300","4100-59868","R",2012,"F","AHY","HPK2","7/12, 3.62",""
"301","3100-41414","R",2012,"F","AHY","HPK2","7/12, 3.49",""
"302","4100-59588","R",2012,"F","AHY","KV1","7/13, 3.3",""
"303","4100-59590","R",2012,"F","AHY","KV1","7/13, 3.53",""
"304","4100-58614","R",2012,"F","AHY","KV1","7/13, 3.43",""
"305","9100-22760","R",2012,"F","AHY","KV1","7/13, 3.78",""
"306","4100-59396","R",2012,"F","AHY","KV1","7/13, 3.76","banded today"
"307","9100-23717","R",2012,"F","AHY","KV1","7/13, ","banded today"
"308","9100-23680","R",2012,"F","AHY","KV1","7/13, ",""
"309","4100-59489","R",2012,"F","AHY","GNMTN","7/13, 3.61",""
"310","9100-23380","R",2012,"F","AHY","GNMTN","7/13, 3.41",""
"311","9100-22929","R",2012,"F","AHY","GNMTN","7/13, 3.91",""
"312","9100-23466","R",2012,"F","AHY","GNMTN","7/13, 3.7",""
"313","4100-08817","R",2012,"F","AHY","GNMTN","7/13, 4.14",""
"314","3100-42889","R",2012,"F","AHY","GNMTN","7/13, E8+, 3.99",""
"315","9100-23464","R",2012,"F","AHY","GNMTN","7/13, ",""
"316","9100-23412","R",2012,"F","AHY","GNMTN","7/13, 3.63",""
"317","4100-08778","R",2012,"F","AHY","HOLZ","7/13, 3.6",""
"318","9100-23337","R",2012,"M","AHY","HOLZ","7/13, 3.37",""
"319","9100-23511","R",2012,"M","AHY","HOLZ","7/13, 3.39",""
"320","9100-23314","R",2012,"F","AHY","HOLZ","7/13, 3.5",""
"321","4100-08547","R",2012,"F","AHY","HOLZ","7/13, 3.53",""
"322","9100-23492","R",2012,"F","AHY","HOLZ","7/13, 3.47",""
"323","9100-23508","R",2012,"M","AHY","HOLZ","7/13, 3.34",""
"324","9100-23568","R",2012,"F","AHY","HOLZ","7/13, 3.4",""
"325","4100-59321","R",2012,"F","AHY","HOLZ","7/13, 3.32",""
"326","9100-23487","R",2012,"F","AHY","HOLZ","7/13, 3.47",""
"327","9100-23392","R",2012,"F","AHY","HOLZ","7/13, 3.6",""
"328","3100-42225","R",2012,"F","AHY","HOLZ","7/13, ",""
"329","4100-59756","R",2012,"F","AHY","MP1","7/14, 4.31",""
"330","4100-59146","R",2012,"F","AHY","MP1","7/14, 3.8",""
"331","4100-08219","R",2012,"F","AHY","MP1","7/14, E9+, 4.77",""
"332","9100-23360","R",2012,"F","AHY","MP1","7/14, 3.69",""
"333","9100-23209","R",2012,"M","AHY","MP1","7/14, 3.17",""
"334","3100-41880","R",2012,"F","AHY","MP1","7/14, 3.61",""
"335","4100-59554","R",2012,"F","AHY","MP1","7/14, 2.99",""
"336","9100-22900","R",2012,"F","AHY","MP1","7/14, 4.03",""
"337","9100-23650","R",2012,"F","AHY","MP1","7/14, 3.38",""
"338","4100-59483","R",2012,"F","AHY","MP1","7/14, 3.56",""
"339","9100-23300","R",2012,"F","AHY","MP1","7/14, 3.42",""
"340","9100-23316","R",2012,"M","AHY","MP1","7/14, 3.04",""
"341","9100-23610","R",2012,"M","AHY","MP1","7/14, 3.41",""
"342","9000-90252","R",2012,"F","AHY","MP1","7/14, 3.54",""
"343","3100-41619","R",2012,"F","AHY","MP1","7/14, 4.2",""
"344","9100-23128","R",2012,"F","AHY","MP1","7/14, 3.95",""
"345","9100-22947","R",2012,"F","AHY","MP1","7/14, 4.04",""
"346","4100-08567","R",2012,"F","AHY","MP1","7/19, 3.5",""
"347","9100-23353","R",2012,"F","AHY","MP1","7/19, 3.03",""
"348","4100-59941","R",2012,"M","AHY","MP1","7/19, 3.11",""
"349","4100-58851","R",2012,"F","AHY","MP1","7/19, 3.9",""
"350","4100-59376","R",2012,"F","AHY","MP1","7/19, 3.7",""
"351","4100-58988","R",2012,"F","AHY","MP1","7/19, 3.95",""
"352","4100-08216","R",2012,"F","AHY","MP1","7/19, 3.5",""
"353","4100-08225","R",2012,"F","AHY","MP1","7/19, 3.6",""
"354","9100-23269","R",2012,"F","AHY","MP1","7/19, 3.2",""
"355","9100-23336","R",2012,"F","AHY","MP1","7/19, 3.5",""
"356","9100-22970","R",2012,"F","AHY","MP1","7/19, 3.3",""
"357","4100-59122","R",2012,"F","AHY","MP1","7/19, 3.6",""
"358","9100-23563","R",2012,"F","AHY","HOLZ","7/20, 3.91",""
"359","9100-23560","R",2012,"F","AHY","HOLZ","7/20, 3.63",""
"360","4100-59310","R",2012,"F","AHY","HOLZ","7/20, 3.7",""
"361","9100-23149","R",2012,"F","AHY","HOLZ","7/20, 3.51",""
"362","9100-23684","R",2012,"F","AHY","HOLZ","7/20, 3.57",""
"363","9100-23392","R",2012,"F","AHY","HOLZ","7/20, 3.25",""
"364","4100-08945","R",2012,"F","AHY","HOLZ","7/20, 3.66",""
"365","9100-22931","R",2012,"F","AHY","HOLZ","7/20, 3.59",""
"366","3100-41757","R",2012,"F","AHY","HOLZ","7/20, 3.81",""
"367","4100-08778","R",2012,"F","AHY","HOLZ","7/20, 3.7",""
"368","3100-42601","R",2012,"F","AHY","HOLZ","7/20, 3.6",""
"369","9100-23621","R",2012,"M","AHY","HOLZ","7/20, 3.54",""
"370","9100-23138","R",2012,"F","AHY","HOLZ","7/20, 3.54",""
"371","9100-23375","R",2012,"F","AHY","HOLZ","7/20, 3.56",""
"372","9100-23562","R",2012,"F","AHY","HOLZ","7/20, ",""
"373","9100-23686","R",2012,"F","AHY","HOLZ","7/20, 3.7",""
"374","9100-23484","R",2012,"F","AHY","HOLZ","7/20, 3.68",""
"375","4100-59310","R",2012,"F","AHY","HOLZ","7/20, 3.4",""
"376","9100-23684","R",2012,"F","AHY","HOLZ","7/20, ",""
"377","4100-08622","R",2012,"F","AHY","GNMTN","7/20, 3.49",""
"378","4100-08817","R",2012,"F","AHY","GNMTN","7/20, 3.47",""
"379","9100-23462","R",2012,"F","AHY","GNMTN","7/20, 3.4",""
"380","9100-23252","R",2012,"F","AHY","GNMTN","7/20, 3.76",""
"381","4100-08915","R",2012,"F","AHY","GNMTN","7/20, 3.66",""
"382","4100-08619","R",2012,"F","AHY","GNMTN","7/20, 3.45",""
"383","9000-90143","R",2012,"F","AHY","GNMTN","7/20, 3.67",""
"384","4100-08622","R",2012,"F","AHY","GNMTN","7/20, 3.37",""
"385","4100-59487","R",2012,"F","AHY","GNMTN","7/20, ",""
"386","3100-42889","R",2012,"F","AHY","GNMTN","7/20, 3.58",""
"387","9100-23690","R",2012,"F","AHY","GNMTN","7/20, 3.6",""
"388","9100-23378","R",2012,"F","AHY","GNMTN","7/20, 3.73",""
"389","9100-23694","R",2012,"F","AHY","GNMTN","7/20, 3.47",""
"390","4100-59390","R",2012,"F","AHY","GNMTN","7/20, 3.73",""
"391","9000-39332","R",2012,"F","AHY","KV1","7/27, 3.48",""
"392","3100-42164","R",2012,"F","AHY","KV1","7/27, 3.9",""
"393","9100-23872","R",2012,"F","AHY","GNMTN","8/2, 3.42",""
"394","9100-23693","R",2012,"F","AHY","GNMTN","8/2, 3.39",""
"395","4100-08622","R",2012,"F","AHY","GNMTN","8/2, 3.52",""
"396","9100-23257","R",2012,"F","AHY","GNMTN","8/2, 3.79",""
"397","4100-08622","R",2012,"F","AHY","GNMTN","8/2, 3.52",""
"398","9100-23254","R",2012,"F","AHY","GNMTN","8/2, 3.57",""
"399","9100-24760","R",2012,"F","AHY","KV1","8/2, 3.74",""
"400","9100-23376","R",2012,"F","AHY","HOLZ","8/2, 3.86",""
"401","9100-23568","R",2012,"F","AHY","HOLZ","8/2, 3.81",""
"402","9100-23987","R",2012,"F","AHY","HOLZ","8/2, 3.55",""
"403","9100-23488","R",2012,"F","AHY","HOLZ","8/2, 3.86",""
"404","9100-23808","R",2012,"F","AHY","HOLZ","8/2, 4.45",""
"405","9100-23569","R",2012,"F","AHY","HOLZ","8/2, 4.09",""
"406","9100-23805","R",2012,"F","AHY","HOLZ","8/2, 3.66",""
"407","9000-90307","R",2012,"F","AHY","HOLZ","8/2, 4.04",""
"408","9100-23145","R",2012,"F","AHY","HOLZ","8/2, 3.82",""
"409","9100-23562","R",2012,"F","AHY","HOLZ","8/2, 4.42",""
"410","9100-23392","R",2012,"F","AHY","HOLZ","8/2, 3.91",""
"411","9100-23561","R",2012,"F","AHY","HOLZ","8/2, 3.63",""
"412","9100-24084","R",2012,"F","AHY","HOLZ","8/2, ",""
"413","4100-08778","R",2012,"F","AHY","HOLZ","8/2, 4.12",""
"414","9000-91022","R",2012,"F","AHY","HOLZ","8/2, 3.77",""
"415","4100-59952","R",2012,"F","AHY","HOLZ","8/2, 3.53",""
"416","9100-24086","R",2012,"F","AHY","HOLZ","8/2, ",""
"417","9100-23994","R",2012,"F","AHY","HOLZ","8/2, 3.83",""
"418","9000-39479","R",2012,"F","AHY","HOLZ","8/2, 3.9",""
"419","9100-23988","R",2012,"F","AHY","HOLZ","8/2, 4.02",""
"420","9100-23492","R",2012,"F","AHY","HOLZ","8/2, 4.09",""
"421","9100-24090","R",2012,"F","AHY","HOLZ","8/2, ","again"
"422","9100-23138","R",2012,"F","AHY","HOLZ","8/2, 3.84",""
"423","4100-59952","R",2012,"F","AHY","HOLZ","8/2, 3.48","again"
"424","9100-23414","R",2012,"F","AHY","MP1","8/4, 3.48",""
"425","9100-23424","R",2012,"F","AHY","MP1","8/4, 3.9",""
"426","4100-08148","R",2012,"F","AHY","MP1","8/4, 3.72",""
"427","4100-08791","R",2012,"F","AHY","MP1","8/4, 3.63",""
"428","4100-59105","R",2012,"F","AHY","HPK2","8/4, 3.23",""
"429","3100-42876","R",2012,"F","AHY","HPK2","8/4, 3.63",""
"430","9100-23934","R",2012,"F","AHY","HPK2","8/4, 3.12",""
"431","9100-23211","R",2012,"M","AHY","MP1","8/5, 3.46",""
"432","9100-23010","R",2012,"M","AHY","MP1","8/5, 3.53",""
"433","9100-23199","R",2012,"M","AHY","MP1","8/5, 3.62",""
"434","9100-23412","R",2012,"F","AHY","MP1","8/5, 3.96",""
"435","9000-90401","R",2012,"F","AHY","MP1","8/5, 3.66",""
"436","9100-23136","R",2012,"F","AHY","MP1","8/5, 3.52",""
"437","9000-90745","R",2012,"F","AHY","MP1","8/5, 4.25",""
"438","9100-23942","R",2012,"F","AHY","MP1","8/5, 3.79",""
"439","4100-58639","R",2012,"F","AHY","MP1","8/5, 3.8",""
"440","4100-59103","R",2012,"F","AHY","MP1","8/5, 3.66",""
"441","4100-59122","R",2012,"F","AHY","MP1","8/5, 3.9",""
"442","4100-59037","R",2012,"F","AHY","MP1","8/5, 3.97",""
"443","4100-59738","R",2012,"F","AHY","MP1","8/5, ","escaped"
"444","9000-90677","R",2012,"F","AHY","MP1","8/5, 3.82",""
"445","4100-59177","R",2012,"F","AHY","MP1","8/5, 3.46",""
"446","4100-59443","R",2012,"F","AHY","MP1","8/5, 3.7",""
"447","9100-23345","R",2012,"M","AHY","MP1","8/5, 3.57",""
"448","9100-23419","R",2012,"F","AHY","MP1","8/5, 3.4",""
"449","4100-08219","R",2012,"F","AHY","MP1","8/5, 3.58",""
"450","4100-59147","R",2012,"F","AHY","MP1","8/7, 3.37",""
"451","4100-08173","R",2012,"F","AHY","MP1","8/7, 3.66",""
"452","9100-23412","R",2012,"F","AHY","MP1","8/7, 3.49",""
"453","4100-08456","R",2012,"F","AHY","MP1","8/7, 3.4",""
"454","9100-23410","R",2012,"F","AHY","MP1","8/7, 3.3",""
"455","9000-91345","R",2012,"F","AHY","MP1","8/7, 3.8",""
"456","4100-08204","R",2012,"F","AHY","MP1","8/7, 4.16",""
"457","4100-59797","R",2012,"F","AHY","MP1","8/7, 3.89",""
"458","9100-23430","R",2012,"F","AHY","MP1","8/7, 3.58",""
"459","4100-59631","R",2012,"F","AHY","MP1","8/7, 3.67",""
"460","9100-23426","R",2012,"F","AHY","MP1","8/7, 3.69",""
"461","4100-59752","R",2012,"F","AHY","MP1","8/7, 3.83",""
"462","9100-23782","R",2012,"F","AHY","MP1","8/7, ",""
"463","9100-23942","R",2012,"F","AHY","MP1","8/7, ",""
"464","4100-59478","R",2012,"F","AHY","MP1","8/7, ",""
"465","4100-59991","R",2012,"F","AHY","MP1","8/7, ",""
"466","4100-08949","R",2012,"F","AHY","KV1","8/8, 3.65",""
"467","9100-23694","R",2012,"F","AHY","GNMTN","8/8, 3.27",""
"468","9100-23998","R",2012,"F","AHY","GNMTN","8/8, 3.4",""
"469","9100-23630","R",2012,"F","AHY","GNMTN","8/8, 3.9",""
"470","9100-23695","R",2012,"F","AHY","GNMTN","8/8, 3.72",""
"471","9100-57006","R",2012,"F","HY","GNMTN","8/8, ",""
"472","4100-08814","R",2012,"F","AHY","GNMTN","8/8, 3.8",""
"473","9100-23865","R",2012,"F","AHY","GNMTN","8/8, 3.54",""
"474","9100-23995","R",2012,"F","AHY","HOLZ","8/8, 4.06",""
"475","9100-23993","R",2012,"F","AHY","HOLZ","8/8, 3.27",""
"476","9100-23492","R",2012,"F","AHY","HOLZ","8/8, 4.19",""
"477","9100-23804","R",2012,"F","AHY","HOLZ","8/8, 3.6",""
"478","9100-24084","R",2012,"F","AHY","HOLZ","8/8, 3.69",""
"479","9100-23485","R",2012,"F","AHY","HOLZ","8/8, 3.65",""
"480","9100-23569","R",2012,"F","AHY","HOLZ","8/8, 3.49",""
"481","9100-24072","R",2012,"F","AHY","HOLZ","8/8, 3.51",""
"482","9100-57012","R",2012,"F","AHY","HOLZ","8/8, ",""
"483","9100-24090","R",2012,"F","AHY","HOLZ","8/8, 3.42",""
"484","9100-23483","R",2012,"F","AHY","HOLZ","8/8, 3.65",""
"485","9100-23989","R",2012,"F","AHY","HOLZ","8/8, 3.5",""
"486","9100-23808","R",2012,"F","AHY","HOLZ","8/8, 3.73",""
"487","9100-23563","R",2012,"F","AHY","HOLZ","8/8, 3.76",""
"488","9100-57013","R",2012,"F","AHY","HOLZ","8/8, 3.6",""
"489","4100-08778","R",2012,"F","AHY","HOLZ","8/8, 3.7",""
"490","9100-23990","R",2012,"F","AHY","HOLZ","8/8, 3.87",""
"491","9100-24093","R",2012,"F","AHY","HOLZ","8/8, 3.67",""
"492","9100-23490","R",2012,"F","AHY","HOLZ","8/8, 3.79",""
"493","4100-59952","R",2012,"F","AHY","HOLZ","8/8, 3.48",""
"494","9100-23487","R",2012,"F","AHY","HOLZ","8/8, 3.76",""
"495","3100-42601","R",2012,"F","AHY","HOLZ","8/8, 3.28",""
"496","9100-24183","R",2012,"F","AHY","MP1","8/30, 3.3",""
"497","9100-57140","R",2012,"F","AHY","MP1","8/30, 4.2",""
"498","4100-59122","R",2012,"F","AHY","MP1","8/31, 3.71",""
"499","9100-24136","R",2012,"F","AHY","MP1","8/31, 4.38",""
"500","9100-57207","R",2012,"F","HY","MP1","8/31, ","again"
"501","9100-57236","R",2012,"M","HY","MP1","8/31, 3.93",""
"502","9100-57210","R",2012,"F","HY","MP1","8/31, 3.8",""
"503","9100-23690","R",2012,"F","AHY","GNMTN","9/1, 3.57",""
"504","4100-59487","R",2012,"F","AHY","GNMTN","9/1, 3.54",""
"505","9100-24093","R",2012,"F","AHY","HOLZ","9/1, 3.6",""
"506","9000-90307","R",2012,"F","AHY","HOLZ","9/1, 3.65",""
"507","9100-57195","R",2012,"F","HY","MP1","9/2, 3.44",""
"508","9100-57243","R",2012,"F","HY","MP1","9/2, 3.91",""
"509","9100-57236","R",2012,"M","HY","MP1","9/2, 3.4",""
"510","4100-08591","R",2012,"F","AHY","MP1","9/2, 3.96",""
"511","9100-23411","R",2012,"F","AHY","MP1","8/15, 3.89",""
"512","9000-12435","R",2012,"F","AHY","MP1","8/15, 3.48",""
"513","4100-08383","R",2012,"F","AHY","MP1","8/15, 3.66",""
"514","4100-57631","R",2012,"F","AHY","MP1","8/15, 3.68",""
"515","3100-41613","R",2012,"F","AHY","MP1","8/15, 3.63",""
"516","9100-23991","R",2012,"F","AHY","HOLZ","8/16, 4.15",""
"517","9100-24086","R",2012,"F","AHY","HOLZ","8/16, 3.29",""
"518","9100-57018","R",2012,"F","AHY","HOLZ","8/16, 3.25",""
"519","9100-57020","R",2012,"F","AHY","HOLZ","8/16, 4.36",""
"520","9100-24092","R",2012,"F","AHY","HOLZ","8/16, 3.41",""
"521","9100-24084","R",2012,"F","AHY","HOLZ","8/16, 3.76",""
"522","9100-23990","R",2012,"F","AHY","HOLZ","8/16, 4.07",""
"523","9100-57016","R",2012,"F","AHY","HOLZ","8/16, 4.17",""
"524","9100-23993","R",2012,"F","AHY","HOLZ","8/16, 3.8",""
"525","9100-23988","R",2012,"F","AHY","HOLZ","8/16, 3.43",""
"526","9000-90307","R",2012,"F","AHY","HOLZ","8/16, 3.62",""
"527","9100-23801","R",2012,"F","AHY","HOLZ","8/16, 4.62",""
"528","9100-24091","R",2012,"F","AHY","HOLZ","8/16, 4.46",""
"529","9100-23989","R",2012,"F","AHY","HOLZ","8/16, 3.52",""
"530","3100-41757","R",2012,"F","AHY","HOLZ","8/16, 3.68",""
"531","3100-42225","R",2012,"F","AHY","HOLZ","8/16, 3.6",""
"532","9100-57061","R",2012,"M","HY","HOLZ","8/16, ","banded today"
"533","9100-23560","R",2012,"F","AHY","HOLZ","8/16, 3.73",""
"534","9100-23808","R",2012,"F","AHY","HOLZ","8/16, 3.86",""
"535","9100-23375","R",2012,"F","AHY","HOLZ","8/16, 3.51",""
"536","9100-23987","R",2012,"F","AHY","HOLZ","8/16, 3.74",""
"537","4100-59834","R",2012,"F","AHY","KV1","8/16, 3.7",""
"538","4100-59395","R",2012,"F","AHY","KV1","8/16, ","found dead in building"
"539","9100-57036","R",2012,"F","AHY","MP1","8/18, 4.38",""
"540","9100-24191","R",2012,"F","AHY","MP1","8/18, 4.65",""
"541","9100-24117","R",2012,"F","AHY","MP1","8/19, 3.6",""
"542","9000-90197","R",2012,"F","AHY","MP1","8/19, 3.83",""
"543","9100-57121","R",2012,"M","HY","MP1","8/22, ","again"
"544","9100-57108","R",2012,"F","AHY","MP1","8/25, 3.78",""
"545","9100-57038","R",2012,"F","AHY","HOLZ","8/26, 3.96",""
"546","9100-24093","R",2012,"F","AHY","HOLZ","8/26, 3.56",""
"547","9100-24084","R",2012,"F","AHY","HOLZ","8/26, 3.78",""
"548","9100-23990","R",2012,"F","AHY","HOLZ","8/26, 3.58",""
"549","9100-57013","R",2012,"F","AHY","HOLZ","8/26, 3.85",""
"550","9100-57038","R",2012,"F","AHY","HOLZ","8/26, 4.01",""
"551","9100-24084","R",2012,"F","AHY","HOLZ","8/26, 3.72","again"
"552","9100-57020","R",2012,"F","AHY","HOLZ","8/26, 3.18",""
"553","4100-08778","R",2012,"F","AHY","HOLZ","8/26, 3.74",""
"554","9100-57038","R",2012,"F","AHY","HOLZ","8/26, 3.7",""
"555","9000-90307","R",2012,"F","AHY","HOLZ","8/26, 3.63",""
"556","9100-23560","R",2012,"F","AHY","HOLZ","8/26, 4.09",""
"557","9100-23990","R",2012,"F","AHY","HOLZ","8/26, ","again"
"558","9100-57038","R",2012,"F","AHY","HOLZ","8/26, ","again"
"559","9100-57081","R",2012,"F","AHY","MP1","9/3, 4.4",""
"560","9100-23707","R",2012,"F","AHY","MP1","9/3, 4.62","again"
"561","9100-57295","R",2012,"F","AHY","MP1","9/4, 4.02","captured w/two HY F"
"562","4100-08186","R",2012,"F","AHY","MP1","9/4, ","debris, constricted tarsus band removed"
"563","9100-57387","R",2012,"F","HY","MP1","9/7, 3.51",""
"564","9100-57295","R",2012,"M","HY","MP1","9/7, 4.19",""
"565","9100-57386","R",2012,"F","HY","MP1","9/7, 3.74",""
"566","9100-57389","R",2012,"F","HY","MP1","9/7, ","again"
"567","9100-57382","R",2012,"F","HY","MP1","9/7, 3.44",""
"568","9100-57384","R",2012,"F","HY","MP1","9/7, 3.6",""
"569","9100-57389","R",2012,"F","HY","MP1","9/7, ","again"
"570","9100-57256","R",2012,"M","HY","GNMTN","9/8, 3.58",""
"571","9100-57294","R",2012,"M","HY","MP1","9/9, 3.61",""
"572","9100-57386","R",2012,"F","HY","MP1","9/9, 3.79",""
"573","9100-57322","R",2012,"M","HY","MP1","9/9, ","banded today"
"574","9000-39201","R",2012,"F","AHY","MP1","5/13, E8, 4.1",""
"575","9000-40063","R",2012,"F","AHY","MP1","5/13, 4.3",""
"576","4100-07987","R",2012,"M","AHY","MP1","5/13, 3.1",""
"577","9000-93765","R",2012,"F","AHY","MP1","5/13, 3.6",""
"578","9000-90677","R",2012,"F","AHY","MP1","5/13, 3.3",""
"579","4100-08214","R",2012,"F","AHY","MP1","5/13, E6+, 3.7",""
"580","4100-59112","R",2012,"F","AHY","MP1","5/13, 3.4",""
"581","3100-41740","R",2012,"F","AHY","MP1","5/13, 3.5",""
"582","3100-41724","R",2012,"M","AHY","MP1","5/13, 3.3",""
"583","4100-59602","R",2012,"F","AHY","MP1","5/13, E8, 4.4",""
"584","4100-59527","R",2012,"F","AHY","MCGC","5/4, 3.7",""
"585","4100-08925","R",2012,"F","AHY","MCGC","5/4, 3.8","band to left leg"
"586","4100-08138","R",2012,"F","AHY","MCGC","5/10, 3.65",""
"587","4100-08367","R",2012,"F","AHY","MCGC","5/10, E6+, 3.9",""
"588","4100-08811","R",2012,"F","AHY","MCGC","5/10, 3.2",""
"589","4100-08240","R",2012,"F","AHY","MCGC","5/10, E8, 3.7",""
"590","4100-08230","R",2012,"F","AHY","MCGC","5/10, E7, 3.9",""
"591","4100-59171","R",2012,"F","AHY","MCGC","5/10, 3.3",""
"592","4100-08127","R",2012,"F","AHY","MCGC","5/10, E7, 3.7",""
"593","4100-59206","R",2012,"M","AHY","MCGC","5/10, 3.2",""
"594","3100-42307","R",2012,"F","AHY","MCGC","5/10, E7, 3.7",""
"595","3100-42512","R",2012,"F","AHY","MCGC","5/10, E8, 4.1",""
"596","4100-59507","R",2012,"F","AHY","MCGC","5/10, 3.4",""
"597","4100-59243","R",2012,"M","AHY","MCGC","5/10, 3.4",""
"598","4100-58684","R",2012,"F","AHY","MCGC","5/10, 4",""
"599","3100-41930","R",2012,"F","AHY","MCGC","5/10, E8, 4",""
"600","4100-08127","R",2012,"F","AHY","MCGC","5/12, E7, 3.8",""
"601","4100-59106","R",2012,"F","AHY","MCGC","5/14, 3.6",""
"602","4100-59196","R",2012,"F","AHY","MCGC","5/14, E6-, 3.6",""
"603","3100-42709","R",2012,"M","AHY","MCGC","5/14, 3.3",""
"604","4100-08959","R",2012,"F","AHY","MCGC","5/14, E6-, 3.6",""
"605","4100-59201","R",2012,"M","AHY","MCGC","5/14, 3.2",""
"606","4100-08362","R",2012,"F","AHY","MCGC","5/14, 3.7",""
"607","3100-41930","R",2012,"F","AHY","MCGC","5/14, 3.6",""
"608","4100-08240","R",2012,"F","AHY","MCGC","5/14, E7+, 4",""
"609","3100-42097","R",2012,"M","AHY","MCGC","5/14, 3.8",""
"610","3100-42195","R",2012,"F","AHY","MCGC","5/14, 3.4",""
"611","4100-08116","R",2012,"F","AHY","MCGC","5/14, 3.4",""
"612","3100-42325","R",2012,"F","AHY","MCGC","5/14, 3.4",""
"613","3100-42341","R",2012,"F","AHY","MCGC","5/14, 3.2",""
"614","4100-59252","R",2012,"M","AHY","MCGC","5/14, 3.2","p9 3.5 mm<p10"
"615","4100-59106","R",2012,"F","AHY","MCGC","5/20, 3.7",""
"616","4100-08127","R",2012,"F","AHY","MCGC","5/20, 3.9",""
"617","4100-08952","R",2012,"F","AHY","MCGC","5/20, 3.9","p9 3.5mm<p10/w wing trill"
"618","3100-42460","R",2012,"F","AHY","MCGC","5/20, 3.5",""
"619","4100-08230","R",2012,"F","AHY","MCGC","5/20, 3.4",""
"620","4100-59196","R",2012,"F","AHY","MCGC","5/20, E8, 3.9",""
"621","4100-58572","R",2012,"F","AHY","MCGC","5/20, 3.7",""
"622","4100-59524","R",2012,"F","AHY","MCGC","5/20, 3.2",""
"623","3100-41930","R",2012,"F","AHY","MCGC","5/20, 3.5",""
"624","4100-08127","R",2012,"F","AHY","MCGC","5/20, ","again"
"625","4100-58634","R",2012,"F","AHY","MCGC","5/20, E7+, 3.9",""
"626","3100-42453","R",2012,"F","AHY","MCGC","5/20, 3.3",""
"627","4100-59327","R",2012,"F","AHY","MCGC","5/20, 3.5",""
"628","4100-58572","R",2012,"F","AHY","MCGC","5/20, 3.6","again"
"629","3100-42512","R",2012,"F","AHY","MCGC","5/20, 3.5",""
"630","3100-41930","R",2012,"F","AHY","MCGC","5/20, ","again"
"631","4100-58684","R",2012,"F","AHY","MCGC","5/20, E7, 3.8",""
"632","9100-23007","R",2012,"M","AHY","MCGC","5/20, ","banded today"
"633","4100-08590","R",2012,"F","AHY","MCGC","5/22, E6, 3.7",""
"634","4100-08734","R",2012,"F","AHY","MCGC","5/22, 3.7",""
"635","4100-08235","R",2012,"F","AHY","MCGC","5/22, E8, 4.5",""
"636","4100-59624","R",2012,"F","AHY","MCGC","5/22, 3.5",""
"637","4100-59329","R",2012,"F","AHY","MCGC","5/22, 3.3",""
"638","4100-59533","R",2012,"F","AHY","MCGC","5/22, 3.6",""
"639","3100-42188","R",2012,"F","AHY","MCGC","5/22, 3.5",""
"640","4100-59684","R",2012,"F","AHY","MCGC","5/22, E7, 4",""
"641","3100-42311","R",2012,"F","AHY","MCGC","5/22, 3.7",""
"642","4100-59461","R",2012,"F","AHY","MCGC","5/22, 3.1",""
"643","4100-08590","R",2012,"F","AHY","MCGC","5/22, 3.5",""
"644","9000-91054","R",2012,"F","AHY","MCGC","5/22, E7, 4.3",""
"645","4100-59201","R",2012,"M","AHY","MCGC","5/22, 3.1",""
"646","4100-08590","R",2012,"F","AHY","MCGC","5/22, 3.38",""
"647","3100-41930","R",2012,"F","AHY","MCGC","5/22, 3.4",""
"648","4100-08127","R",2012,"F","AHY","MCGC","5/22, 3.7",""
"649","4100-08235","R",2012,"F","AHY","MCGC","5/22, ","again"
"650","4100-59161","R",2012,"F","AHY","MCGC","5/22, E6, 4.5",""
"651","4100-59524","R",2012,"F","AHY","MCGC","5/26, E6+, 3.7",""
"652","4100-59460","R",2012,"F","AHY","MCGC","5/26, 3.6","P9 5mm<p10"
"653","4100-59504","R",2012,"F","AHY","MCGC","5/26, 3.44",""
"654","4100-59438","R",2012,"F","AHY","MCGC","5/26, 3.43",""
"655","9100-22907","R",2012,"F","AHY","MCGC","5/26, E6, 3.4",""
"656","4100-59196","R",2012,"F","AHY","MCGC","5/26, 3.6",""
"657","4100-08127","R",2012,"F","AHY","MCGC","5/26, 3.6","again"
"658","3100-42195","R",2012,"F","AHY","MCGC","5/26, 3.5",""
"659","9100-22907","R",2012,"F","AHY","MCGC","5/26, 3.65",""
"660","9100-23026","R",2012,"M","AHY","MCGC","5/26, 3.18",""
"661","4100-59243","R",2012,"M","AHY","MCGC","5/26, 3.34",""
"662","4100-59527","R",2012,"F","AHY","MCGC","5/26, 3.4",""
"663","9100-23016","R",2012,"M","AHY","MCGC","5/26, 3.3",""
"664","4100-08127","R",2012,"F","AHY","MCGC","5/26, ","again"
"665","4100-59504","R",2012,"F","AHY","MCGC","5/26, ","again"
"666","9100-23016","R",2012,"M","AHY","MCGC","5/26, 3.11",""
"667","4100-08127","R",2012,"F","AHY","MCGC","5/26, ","again"
"668","4100-59452","R",2012,"F","AHY","MCGC","5/26, E8, 4.1",""
"669","3100-42188","R",2012,"F","AHY","MCGC","5/26, 3.3",""
"670","4100-59304","R",2012,"F","AHY","MCGC","5/26, E8, 4.4",""
"671","4100-59762","R",2012,"M","AHY","MCGC","5/26, 3.5",""
"672","9100-23013","R",2012,"M","AHY","MCGC","5/26, 3.3",""
"673","4100-59203","R",2012,"M","AHY","MCGC","5/26, 3.6",""
"674","4100-58819","R",2012,"F","AHY","MCGC","5/26, 3.6",""
"675","4100-08113","R",2012,"F","AHY","MCGC","5/26, 3.8",""
"676","4100-59201","R",2012,"M","AHY","MCGC","5/26, 3.1",""
"677","4100-59243","R",2012,"M","AHY","MCGC","5/26, 3.5",""
"678","4100-59261","R",2012,"M","AHY","MCGC","5/26, 3.8",""
"679","3100-42709","R",2012,"M","AHY","MCGC","5/26, 3.1",""
"680","4100-08784","R",2012,"F","AHY","MCGC","5/26, 4.1",""
"681","3100-42192","R",2012,"F","AHY","MCGC","5/29, 3.4",""
"682","4100-08925","R",2012,"F","AHY","MCGC","5/29, 3.2",""
"683","4100-59260","R",2012,"M","AHY","MCGC","5/29, 3.4",""
"684","9100-23016","R",2012,"M","AHY","MCGC","5/29, 3.3",""
"685","4100-08133","R",2012,"F","AHY","MCGC","5/29, E6, 3.4",""
"686","4100-59106","R",2012,"F","AHY","MCGC","5/29, 3.67",""
"687","9100-23029","R",2012,"M","AHY","MCGC","5/29, 3.5",""
"688","4100-59527","R",2012,"F","AHY","MCGC","5/29, 3.6",""
"689","4100-58648","R",2012,"F","AHY","MCGC","5/29, E6, 3.4",""
"690","4100-59762","R",2012,"M","AHY","MCGC","5/29, 3.6",""
"691","4100-59574","R",2012,"F","AHY","MCGC","5/29, E6, 3.59",""
"692","4100-08138","R",2012,"F","AHY","MCGC","5/29, 3.59",""
"693","4100-59200","R",2012,"F","AHY","MCGC","5/29, E6, 3.5",""
"694","9000-90263","R",2012,"F","AHY","MCGC","5/29, 3.43",""
"695","3100-42712","R",2012,"F","AHY","MCGC","5/29, 3.18",""
"696","4100-59165","R",2012,"F","AHY","MCGC","5/29, 3.44",""
"697","4100-59450","R",2012,"F","AHY","MCGC","5/29, E7, 3.39",""
"698","4100-08590","R",2012,"F","AHY","MCGC","5/29, E6, 3.4",""
"699","4100-59067","R",2012,"M","AHY","MCGC","5/29, 3.1",""
"700","3100-42214","R",2012,"F","AHY","MCGC","5/29, 3.8",""
"701","4100-08996","R",2012,"F","AHY","MCGC","5/29, E6, 3.5",""
"702","4100-59762","R",2012,"M","AHY","MCGC","5/29, 3.3","again"
"703","9100-23035","R",2012,"M","AHY","MCGC","5/29, 3.2",""
"704","9100-23032","R",2012,"M","AHY","MCGC","5/29, 3.32",""
"705","9100-22913","R",2012,"F","AHY","MCGC","5/29, 3.5",""
"706","3100-42511","R",2012,"F","AHY","MCGC","5/29, E6, 3.6",""
"707","9100-23805","R",2012,"M","AHY","MCGC","5/29, 3.1","again"
"708","9100-23066","R",2012,"M","AHY","MCGC","5/29,  ","again"
"709","4100-08590","R",2012,"F","AHY","MCGC","5/29, 3.3",""
"710","4100-59815","R",2012,"F","AHY","MCGC","5/29, 3.8",""
"711","9100-22905","R",2012,"F","AHY","MCGC","5/29, 3.7",""
"712","4100-08367","R",2012,"F","AHY","MCGC","5/29, 3.6",""
"713","4100-08202","R",2012,"F","AHY","MCGC","5/29, 3.3",""
"714","4100-59355","R",2012,"F","AHY","MCGC","5/29, E6, 3.8",""
"715","3100-42195","R",2012,"F","AHY","MCGC","5/29, 3.4",""
"716","4100-59576","R",2012,"F","AHY","MCGC","5/29, E8, 4.1",""
"717","9100-23007","R",2012,"M","AHY","MCGC","5/29, 3.2",""
"718","9100-22805","R",2012,"M","AHY","MCGC","5/29, 3",""
"719","4100-59207","R",2012,"M","AHY","MCGC","5/29, 3.4",""
"720","4100-59452","R",2012,"F","AHY","MCGC","5/29, E9, 4.1",""
"721","4100-08959","R",2012,"F","AHY","MCGC","5/29, 3.4",""
"722","4100-08138","R",2012,"F","AHY","MCGC","5/31, 3.8",""
"723","4100-59762","R",2012,"M","AHY","MCGC","5/31, 3.1",""
"724","4100-59067","R",2012,"M","AHY","MCGC","5/31, 3",""
"725","9000-90654","R",2012,"F","AHY","MCGC","5/31, E7, 3.8",""
"726","9100-23016","R",2012,"M","AHY","MCGC","5/31, ",""
"727","4100-08326","R",2012,"F","AHY","MCGC","5/31, 3.9",""
"728","9100-22902","R",2012,"F","AHY","MCGC","5/31, E6, 3.6",""
"729","4100-08723","R",2012,"F","AHY","MCGC","5/31, 3.9",""
"730","9100-23073","R",2012,"M","AHY","MCGC","5/31, 3.4",""
"731","9100-23006","R",2012,"M","AHY","MCGC","5/31, 3.1",""
"732","4100-59574","R",2012,"F","AHY","MCGC","5/31, 3.6",""
"733","9199-22916","R",2012,"F","AHY","MCGC","5/31, 3.5",""
"734","4100-59303","R",2012,"F","AHY","MCGC","5/31, E7, 4",""
"735","3100-42195","R",2012,"F","AHY","MCGC","5/31, 3.6",""
"736","9100-22914","R",2012,"F","AHY","MCGC","5/31, 3.7",""
"737","3100-42325","R",2012,"F","AHY","MCGC","5/31, 3.3",""
"738","4100-59303","R",2012,"F","AHY","MCGC","5/31,  ","again"
"739","4100-59398","R",2012,"F","AHY","MCGC","5/31, E7, 3.8",""
"740","9100-22805","R",2012,"M","AHY","MCGC","5/31, 2.8",""
"741","9100-23032","R",2012,"M","AHY","MCGC","5/31, 3.4",""
"742","4100-59574","R",2012,"F","AHY","MCGC","5/31, 3.5","again"
"743","9100-22805","R",2012,"M","AHY","MCGC","5/31, 2.8","again"
"744","4100-59452","R",2012,"F","AHY","MCGC","5/31, 3.4",""
"745","9100-23006","R",2012,"M","AHY","MCGC","5/31,  ","again"
"746","3100-42097","R",2012,"F","AHY","MCGC","5/31, E6, 3.7",""
"747","9000-39582","R",2012,"F","AHY","MCGC","5/31, E6, 4.5",""
"748","3100-41930","R",2012,"F","AHY","MCGC","5/31, 3.6",""
"749","9100-23029","R",2012,"M","AHY","MCGC","5/31, 3.1",""
"750","4100-08113","R",2012,"F","AHY","MCGC","5/31, 3.3",""
"751","9100-23091","R",2012,"M","AHY","MCGC","5/31, ","banded today"
"752","9100-22914","R",2012,"F","AHY","MCGC","5/31,  ","again"
"753","4100-08724","R",2012,"F","AHY","MCGC","5/31, 3.4",""
"754","9100-22837","R",2012,"M","AHY","MCGC","5/31, 3.3","p9 6.3mm<p10"
"755","9100-22891","R",2012,"M","AHY","MCGC","5/31, 3.3",""
"756","4100-59261","R",2012,"M","AHY","MCGC","5/31, 3.6",""
"757","9100-23095","R",2012,"M","AHY","MCGC","5/31,  ","again"
"758","4100-59675","R",2012,"F","AHY","MCGC","5/31, 3.4","again"
"759","4100-59264","R",2012,"M","AHY","MCGC","5/31, 3.24",""
"760","4100-59684","R",2012,"F","AHY","MCGC","5/31, E7, 3.8",""
"761","9000-12410","R",2012,"F","AHY","MCGC","5/31, E6, 3.5",""
"762","9100-23061","R",2012,"M","AHY","MCGC","5/31, 3.02",""
"763","4100-59678","R",2012,"F","AHY","MCGC","5/31, 3.37",""
"764","9100-23016","R",2012,"M","AHY","MCGC","5/31, 3.17",""
"765","4100-59067","R",2012,"M","AHY","MCGC","5/31, 3.29",""
"766","9100-22920","R",2012,"F","AHY","MCGC","5/31, 3.63",""
"767","9100-23066","R",2012,"M","AHY","MCGC","5/31, 3.23",""
"768","9100-59270","R",2012,"M","AHY","MCGC","5/31, 3.24",""
"769","4100-08127","R",2012,"F","AHY","MCGC","5/31, 3.6",""
"770","4100-59684","R",2012,"F","AHY","MCGC","5/31, E6, 3.37",""
"771","4100-08724","R",2012,"F","AHY","MCGC","5/31, 3.3",""
"772","4100-59329","R",2012,"F","AHY","MCGC","5/31, 3.59",""
"773","4100-59205","R",2012,"M","AHY","MCGC","5/31, 3.17",""
"774","4100-59534","R",2012,"F","AHY","MCGC","5/31, 3.43",""
"775","3100-42188","R",2012,"F","AHY","MCGC","5/31, 3.5",""
"776","4100-59447","R",2012,"F","AHY","MCGC","5/31, 3.56",""
"777","9000-90549","R",2012,"F","AHY","MCGC","5/31, 3.5",""
"778","4100-59574","R",2012,"F","AHY","MCGC","5/31, E6, 3.41",""
"779","4100-59679","R",2012,"F","AHY","MCGC","5/31, E8, 3.57",""
"780","9100-22959","R",2012,"F","AHY","MCGC","5/31, E6, 4.79",""
"781","4100-59740","R",2012,"F","AHY","MCGC","5/31, E6, 3.3",""
"782","4100-08723","R",2012,"F","AHY","MCGC","5/31, E7, 3.7",""
"783","4100-08590","R",2012,"F","AHY","MCGC","5/31, E6, 3.38",""
"784","4100-59031","R",2012,"F","AHY","MCGC","5/31, E6, 3.6",""
"785","9000-40135","R",2012,"F","AHY","MCGC","5/31, 3.4",""
"786","3100-42195","R",2012,"F","AHY","MCGC","5/31, E6, 3.37",""
"787","4100-07959","R",2012,"M","AHY","MCGC","5/31, 3.3",""
"788","9100-22984","R",2012,"F","AHY","MCGC","7/1, E6+, 4.1",""
"789","4100-59196","R",2012,"F","AHY","MCGC","7/1, 3.7",""
"790","4100-59950","R",2012,"F","AHY","MCGC","7/1, E6, 3.3",""
"791","9100-22915","R",2012,"F","AHY","MCGC","7/1, 3.8",""
"792","4100-59527","R",2012,"F","AHY","MCGC","7/1, 3.9",""
"793","4100-08113","R",2012,"F","AHY","MCGC","7/1, 3.4",""
"794","4100-59303","R",2012,"F","AHY","MCGC","7/1, E8, 4.1",""
"795","9100-22902","R",2012,"F","AHY","MCGC","7/1, 3.6",""
"796","4100-08367","R",2012,"F","AHY","MCGC","7/1, ",""
"797","9100-23064","R",2012,"M","AHY","MCGC","6/2, 3.3",""
"798","9100-23035","R",2012,"M","AHY","MCGC","6/2, 3.2",""
"799","9100-23006","R",2012,"M","AHY","MCGC","6/2, 3.1",""
"800","9100-22984","R",2012,"F","AHY","MCGC","6/2,  ","again"
"801","4100-08998","R",2012,"F","AHY","MCGC","6/2, 3.5",""
"802","4100-08724","R",2012,"F","AHY","MCGC","6/2, 3.6",""
"803","4100-08952","R",2012,"F","AHY","MCGC","6/2, 3.8",""
"804","4100-59524","R",2012,"F","AHY","MCGC","6/2, 3.3",""
"805","9100-23036","R",2012,"M","AHY","MCGC","6/2, 4.2",""
"806","9100-23091","R",2012,"M","AHY","MCGC","6/2, 3.4",""
"807","4100-59264","R",2012,"M","AHY","MCGC","6/5, 3.3",""
"808","4100-59990","R",2012,"F","AHY","MCGC","6/5, 3.8",""
"809","4100-59252","R",2012,"M","AHY","MCGC","6/5, 3.1",""
"810","9100-23006","R",2012,"M","AHY","MCGC","6/2, 3.1",""
"811","4100-59203","R",2012,"M","AHY","MCGC","6/5, 3.3",""
"812","3100-42713","R",2012,"F","AHY","MCGC","6/5, 3.5",""
"813","4100-59242","R",2012,"M","AHY","MCGC","6/5, 3.6",""
"814","9100-23073","R",2012,"M","AHY","MCGC","6/5, 3.36",""
"815","9000-90654","R",2012,"F","AHY","MCGC","6/5, 3.52",""
"816","9100-23070","R",2012,"M","AHY","MCGC","6/5, 3.42",""
"817","4100-59762","R",2012,"M","AHY","MCGC","6/5, 3.11",""
"818","3100-42325","R",2012,"F","AHY","MCGC","6/5, 3.56",""
"819","9100-23018","R",2012,"M","AHY","MCGC","6/5, 3.35",""
"820","4100-08998","R",2012,"F","AHY","MCGC","6/5, 3.79",""
"821","4100-58634","R",2012,"F","AHY","MCGC","6/5, 3.52",""
"822","4100-59844","R",2012,"F","AHY","MCGC","6/5, E8+, 3.89",""
"823","9100-23228","R",2012,"M","AHY","MCGC","6/5, 3.14",""
"824","4100-59031","R",2012,"F","AHY","MCGC","6/5, 3.4",""
"825","9100-23223","R",2012,"M","AHY","MCGC","6/5, 3.04",""
"826","4100-59270","R",2012,"M","AHY","MCGC","6/5, 3.19",""
"827","4100-23221","R",2012,"M","AHY","MCGC","6/5, 3.25",""
"828","9100-23073","R",2012,"M","AHY","MCGC","6/5, 3.29",""
"829","4100-59853","R",2012,"M","AHY","MCGC","6/5, 3.29",""
"830","9100-23016","R",2012,"M","AHY","MCGC","6/8, 3.2",""
"831","4100-59620","R",2012,"F","AHY","MCGC","6/8, 4.1",""
"832","4100-59534","R",2012,"F","AHY","MCGC","6/8, 3.6",""
"833","9100-23091","R",2012,"M","AHY","MCGC","6/8, 3.4",""
"834","4100-59679","R",2012,"F","AHY","MCGC","6/8, E6, 3.8",""
"835","9100-22908","R",2012,"F","AHY","MCGC","6/8, 3.5",""
"836","4100-59398","R",2012,"F","AHY","MCGC","6/8, 3.8",""
"837","4100-08996","R",2012,"F","AHY","MCGC","6/8, 3.5",""
"838","3100-42219","R",2012,"F","AHY","MCGC","6/8, E6, 3.7",""
"839","4100-59303","R",2012,"F","AHY","MCGC","6/8, E6, 3.9",""
"840","4100-59697","R",2012,"F","AHY","MCGC","6/8, 3.4",""
"841","4100-59532","R",2012,"F","AHY","MCGC","6/8, 3.5",""
"842","4100-59682","R",2012,"F","AHY","MCGC","6/8, E8, 4.3",""
"843","9100-23026","R",2012,"M","AHY","MCGC","6/10, 3.2",""
"844","4100-58608","R",2012,"F","AHY","MCGC","6/10, 3.7",""
"845","3100-42709","R",2012,"M","AHY","MCGC","6/10, 3.1",""
"846","4100-59205","R",2012,"M","AHY","MCGC","6/10, 3.3",""
"847","4100-59207","R",2012,"M","AHY","MCGC","6/10, 3.2",""
"848","4100-08590","R",2012,"F","AHY","MCGC","6/10, 3.4",""
"849","3100-42097","R",2012,"F","AHY","MCGC","6/10, 3.8",""
"850","9100-22902","R",2012,"F","AHY","MCGC","6/10, 3.8",""
"851","4100-59067","R",2012,"M","AHY","MCGC","6/10, 3.3",""
"852","4100-59347","R",2012,"F","AHY","MCGC","6/10, 3.7",""
"853","9100-23097","R",2012,"M","AHY","MCGC","6/10, 3.2",""
"854","4100-59748","R",2012,"F","AHY","MCGC","6/10, 3.4",""
"855","4100-08321","R",2012,"F","AHY","MCGC","6/10, 3.8",""
"856","9100-23007","R",2012,"M","AHY","MCGC","6/10, 3.2",""
"857","4100-08643","R",2012,"F","AHY","MCGC","6/10, 3.76",""
"858","3100-42366","R",2012,"F","AHY","MCGC","6/10, 3.4",""
"859","9100-22964","R",2012,"F","AHY","MCGC","6/10, 3.57",""
"860","9100-22984","R",2012,"F","AHY","MCGC","6/10, 3.5",""
"861","9100-23395","R",2012,"F","AHY","MCGC","6/10, E9+, 3.77",""
"862","9100-23121","R",2012,"F","AHY","MCGC","6/10, 3.39",""
"863","9100-22916","R",2012,"F","AHY","MCGC","6/10, 3.45",""
"864","9100-23234","R",2012,"M","AHY","MCGC","6/10, 3.25",""
"865","3100-42460","R",2012,"F","AHY","MCGC","6/10, E7, 3.47",""
"866","9100-23109","R",2012,"F","AHY","MCGC","6/10, E8, 3.44",""
"867","4100-59169","R",2012,"F","AHY","MCGC","6/10, 3.23",""
"868","4100-08724","R",2012,"F","AHY","MCGC","6/10, 3.4",""
"869","9100-23280","R",2012,"F","AHY","MCGC","6/10, 3.24",""
"870","4100-59620","R",2012,"F","AHY","MCGC","6/10, 3.39",""
"871","4100-59439","R",2012,"F","AHY","MCGC","6/10, E7, 3.85",""
"872","4100-59700","R",2012,"F","AHY","MCGC","6/10, 3.5",""
"873","9100-23070","R",2012,"M","AHY","MCGC","6/10, 3.21",""
"874","4100-59504","R",2012,"F","AHY","MCGC","6/10, 3.54",""
"875","9100-23167","R",2012,"M","AHY","MCGC","6/12, 3.3",""
"876","9100-23016","R",2012,"M","AHY","MCGC","6/12, 3.4",""
"877","4100-59169","R",2012,"F","AHY","MCGC","6/12, 3.2",""
"878","9100-23120","R",2012,"F","AHY","MCGC","6/12, 4",""
"879","4100-08998","R",2012,"F","AHY","MCGC","6/12, 3.5",""
"880","4100-58634","R",2012,"F","AHY","MCGC","6/12, 3.5",""
"881","4100-59928","R",2012,"M","AHY","MCGC","6/12, 3.3",""
"882","9100-23006","R",2012,"M","AHY","MCGC","6/12, 3",""
"883","9100-22890","R",2012,"M","AHY","MCGC","6/12, 3.3",""
"884","4100-59696","R",2012,"F","AHY","MCGC","6/12, 3.3",""
"885","9100-22907","R",2012,"F","AHY","MCGC","6/12, 4",""
"886","9000-90869","R",2012,"F","AHY","MCGC","6/12, 3.3",""
"887","4100-58865","R",2012,"F","AHY","MCGC","6/12, 4.1",""
"888","4100-59171","R",2012,"F","AHY","MCGC","6/12, 3.3",""
"889","9100-22903","R",2012,"F","AHY","MCGC","6/12, 3.5",""
"890","9100-23190","R",2012,"M","AHY","MCGC","6/12, 3.1",""
"891","3100-42325","R",2012,"F","AHY","MCGC","6/12, 3.5",""
"892","4100-59460","R",2012,"F","AHY","MCGC","6/12, 3.5",""
"893","9100-23284","R",2012,"F","AHY","MCGC","6/12, 3.5",""
"894","9100-23123","R",2012,"F","AHY","MCGC","6/12, 3.6",""
"895","9100-23281","R",2012,"F","AHY","MCGC","6/12, 3.2",""
"896","9100-23100","R",2012,"F","AHY","MCGC","6/12, 3.8",""
"897","4100-59762","R",2012,"M","AHY","MCGC","6/12, 3",""
"898","9100-23233","R",2012,"M","AHY","MCGC","6/12, 3.3",""
"899","4100-59649","R",2012,"F","AHY","MCGC","6/12, 3.6",""
"900","9100-23284","R",2012,"F","AHY","MCGC","6/12, 3.3",""
"901","4100-58634","R",2012,"F","AHY","MCGC","6/12, 3.3",""
"902","4100-59624","R",2012,"F","AHY","MCGC","6/12, 3.45",""
"903","9100-23284","R",2012,"F","AHY","MCGC","6/12, 3.29",""
"904","4100-08725","R",2012,"F","AHY","MCGC","6/12, 3.6",""
"905","9111-12257","R",2012,"F","AHY","MCGC","6/12, 3.76",""
"906","4100-08554","R",2012,"F","AHY","MCGC","6/12, 3.86",""
"907","3100-42214","R",2012,"F","AHY","MCGC","6/12, ",""
"908","4100-58582","R",2012,"F","AHY","MCGC","6/12, ",""
"909","9100-22919","R",2012,"F","AHY","MCGC","6/12, 0.28125",""
"910","3100-42850","R",2012,"F","AHY","MCGC","6/12, 3.63",""
"911","3100-42195","R",2012,"F","AHY","MCGC","6/12, 3.2",""
"912","9100-23227","R",2012,"M","AHY","MCGC","6/12, 2.9",""
"913","4100-08809","R",2012,"F","AHY","MCGC","6/12, 4.11",""
"914","4100-58585","R",2012,"F","AHY","MCGC","6/12, 3.58",""
"915","4100-59791","R",2012,"M","AHY","MCGC","6/12, 3.29",""
"916","9100-22984","R",2012,"F","AHY","MCGC","6/12, 3.66",""
"917","9100-23363","R",2012,"F","AHY","MCGC","6/12, 3.39","again"
"918","9100-23098","R",2012,"M","AHY","MCGC","6/12, 3.29",""
"919","4100-58644","R",2012,"F","AHY","MCGC","6/12, 3.43",""
"920","9100-23266","R",2012,"F","AHY","MCGC","6/12, E7+, 4.55",""
"921","4100-58606","R",2012,"F","AHY","MCGC","6/12, 3.57",""
"922","4100-59200","R",2012,"F","AHY","MCGC","6/12, 3.04",""
"923","9100-22805","R",2012,"M","AHY","MCGC","6/12, 2.89",""
"924","3100-42713","R",2012,"F","AHY","MCGC","6/12, 3.99",""
"925","9100-23287","R",2012,"F","AHY","MCGC","6/12, 3.5",""
"926","3100-42325","R",2012,"F","AHY","MCGC","6/12, 3.2",""
"927","4100-59879","R",2012,"F","AHY","MCGC","6/13, 3.3",""
"928","3100-42460","R",2012,"F","AHY","MCGC","6/16, 3.3",""
"929","4100-58572","R",2012,"F","AHY","MCGC","6/16, 3.5",""
"930","4100-59206","R",2012,"M","AHY","MCGC","6/16, 3.3",""
"931","9000-23006","R",2012,"M","AHY","MCGC","6/16, 3.1",""
"932","4100-08723","R",2012,"F","AHY","MCGC","6/16, 4.3",""
"933","9100-22916","R",2012,"F","AHY","MCGC","6/16, 3.5",""
"934","4100-59347","R",2012,"F","AHY","MCGC","6/16, E6, 3.9",""
"935","9100-23120","R",2012,"F","AHY","MCGC","6/16, 3.8",""
"936","4100-59815","R",2012,"F","AHY","MCGC","6/16, 3.1",""
"937","9100-23284","R",2012,"F","AHY","MCGC","6/16, E6-, 4",""
"938","4100-59507","R",2012,"F","AHY","MCGC","6/16, 3.4",""
"939","9100-23125","R",2012,"F","AHY","MCGC","6/16, E6+, 4.3",""
"940","9100-22981","R",2012,"F","AHY","MCGC","6/16, E6-, 3.9",""
"941","4100-59911","R",2012,"F","AHY","MCGC","6/16, 3.7",""
"942","9100-22907","R",2012,"F","AHY","MCGC","6/16, E6-, 3.9",""
"943","9100-23064","R",2012,"M","AHY","MCGC","6/16, 3.5",""
"944","3100-42097","R",2012,"F","AHY","MCGC","6/16, 3.7",""
"945","9100-23364","R",2012,"F","AHY","MCGC","6/16, 3.6",""
"946","9100-23117","R",2012,"F","AHY","MCGC","6/16, 3.8",""
"947","4100-08998","R",2012,"F","AHY","MCGC","6/16, 3.5",""
"948","9100-23232","R",2012,"M","AHY","MCGC","6/16, 3.2",""
"949","4100-59238","R",2012,"M","AHY","MCGC","6/16, 3.4",""
"950","9100-22905","R",2012,"F","AHY","MCGC","6/16, 3.6",""
"951","9100-23196","R",2012,"M","AHY","MCGC","6/16, 3.1",""
"952","4100-59206","R",2012,"M","AHY","MCGC","6/16, 3.3",""
"953","9100-23176","R",2012,"F","AHY","MCGC","6/16, 3.3",""
"954","4100-08326","R",2012,"F","AHY","MCGC","6/16, E6, 3.5",""
"955","3100-42825","R",2012,"F","AHY","MCGC","6/16, 3.5",""
"956","4100-59170","R",2012,"F","AHY","MCGC","6/16, 3.7",""
"957","3100-42713","R",2012,"F","AHY","MCGC","6/16, 4",""
"958","9100-23016","R",2012,"M","AHY","MCGC","6/16, 3.3",""
"959","4100-59452","R",2012,"F","AHY","MCGC","6/18, 3.7",""
"960","4100-59532","R",2012,"F","AHY","MCGC","6/18, 3.8",""
"961","9100-23371","R",2012,"F","AHY","MCGC","6/18, E8, 4",""
"962","4100-59576","R",2012,"F","AHY","MCGC","6/18, 3.6",""
"963","9100-23283","R",2012,"F","AHY","MCGC","6/18, E9, 4.5",""
"964","9100-23108","R",2012,"F","AHY","MCGC","6/18, E8, 4.2",""
"965","4100-08998","R",2012,"F","AHY","MCGC","6/18, 3.9",""
"966","3100-42192","R",2012,"F","AHY","MCGC","6/18, 3.6",""
"967","9100-23282","R",2012,"F","AHY","MCGC","6/18, 4",""
"968","9100-22905","R",2012,"F","AHY","MCGC","6/18, 3.3",""
"969","9100-23117","R",2012,"F","AHY","MCGC","6/18, 3.7",""
"970","3100-42512","R",2012,"F","AHY","MCGC","6/18, 3.8",""
"971","9100-22805","R",2012,"M","AHY","MCGC","6/18, 3",""
"972","9100-22891","R",2012,"M","AHY","MCGC","6/18, 3.5",""
"973","9100-23363","R",2012,"F","AHY","MCGC","6/18, 3.4",""
"974","9100-23034","R",2012,"M","AHY","MCGC","6/18, 3.3",""
"975","4100-08590","R",2012,"F","AHY","MCGC","6/18, 3.3",""
"976","9100-22913","R",2012,"F","AHY","MCGC","6/18, 3.4",""
"977","9100-23176","R",2012,"M","AHY","MCGC","6/18, 3.3",""
"978","4100-59203","R",2012,"M","AHY","MCGC","6/18, 3.5",""
"979","4100-59357","R",2012,"F","AHY","MCGC","6/18, 3.9",""
"980","4100-59431","R",2012,"F","AHY","MCGC","6/18, 3.8",""
"981","4100-59270","R",2012,"M","AHY","MCGC","6/18, 3.3",""
"982","9100-23387","R",2012,"F","AHY","MCGC","6/18, E7, 4.5",""
"983","9100-22964","R",2012,"F","AHY","MCGC","6/18, 3.4",""
"984","9100-22915","R",2012,"F","AHY","MCGC","6/18, 3.7",""
"985","9100-23193","R",2012,"M","AHY","MCGC","6/18, 3.43",""
"986","4100-59238","R",2012,"M","AHY","MCGC","6/18, 3.26",""
"987","4100-59206","R",2012,"M","AHY","MCGC","6/18, 3.21",""
"988","9100-23287","R",2012,"F","AHY","MCGC","6/18, 3.66",""
"989","9100-23116","R",2012,"F","AHY","MCGC","6/18, 3.62",""
"990","9100-23016","R",2012,"M","AHY","MCGC","6/18, 3.13",""
"991","3100-41930","R",2012,"F","AHY","MCGC","6/18, E6, 3.62",""
"992","4100-59243","R",2012,"M","AHY","MCGC","6/18, 3.3",""
"993","4100-59436","R",2012,"F","AHY","MCGC","6/18, E6, 3.86",""
"994","9100-90940","R",2012,"F","AHY","MCGC","6/18, 3.56",""
"995","4100-59067","R",2012,"M","AHY","MCGC","6/18, 3.26",""
"996","4100-59678","R",2012,"F","AHY","MCGC","6/18, 3.4",""
"997","4100-59205","R",2012,"M","AHY","MCGC","6/18, 3.23",""
"998","9100-23119","R",2012,"F","AHY","MCGC","6/20, 3.3",""
"999","9100-23366","R",2012,"F","AHY","MCGC","6/20, 3.7",""
"1000","4100-59304","R",2012,"F","AHY","MCGC","6/20, 3.3",""
"1001","4100-59438","R",2012,"F","AHY","MCGC","6/20, 3.5",""
"1002","9100-23116","R",2012,"F","AHY","MCGC","6/20, 3.6",""
"1003","4100-08761","R",2012,"F","AHY","MCGC","6/20, 3.7",""
"1004","4100-59169","R",2012,"F","AHY","MCGC","6/20, 3.3",""
"1005","9000-91054","R",2012,"F","AHY","MCGC","6/20, 3.5",""
"1006","9100-23120","R",2012,"F","AHY","MCGC","6/20, 3.5",""
"1007","9100-23188","R",2012,"M","AHY","MCGC","6/20, 3.4",""
"1008","9100-23284","R",2012,"F","AHY","MCGC","6/20, 3.5",""
"1009","4100-59329","R",2012,"F","AHY","MCGC","6/20, 3.5",""
"1010","4100-59700","R",2012,"F","AHY","MCGC","6/20, 3.9",""
"1011","4100-59206","R",2012,"M","AHY","MCGC","6/20, 3.2",""
"1012","9100-23210","R",2012,"M","AHY","MCGC","6/20, 3.4",""
"1013","9100-23117","R",2012,"F","AHY","MCGC","6/20, 3.3",""
"1014","4100-59303","R",2012,"F","AHY","MCGC","6/20, E6-, 3.6",""
"1015","9100-22890","R",2012,"M","AHY","MCGC","6/20, 3.4",""
"1016","4100-59799","R",2012,"M","AHY","MCGC","6/20, 3",""
"1017","9100-23233","R",2012,"M","AHY","MCGC","6/20, 3.3",""
"1018","4100-08723","R",2012,"F","AHY","MCGC","6/20, 3.6",""
"1019","4100-59728","R",2012,"F","AHY","MCGC","6/20, 3.7",""
"1020","9100-23435","R",2012,"F","AHY","MCGC","6/20, 3.4",""
"1021","4100-59524","R",2012,"F","AHY","MCGC","6/20, 3",""
"1022","9100-23314","R",2012,"M","AHY","MCGC","6/20, 3.3",""
"1023","9100-23313","R",2012,"M","AHY","MCGC","6/20, 3.2",""
"1024","9100-23365","R",2012,"F","AHY","MCGC","6/20, 3.8",""
"1025","9100-23016","R",2012,"M","AHY","MCGC","6/20, 3.1",""
"1026","9100-23284","R",2012,"F","AHY","MCGC","6/20, 3.4",""
"1027","4100-59327","R",2012,"F","AHY","MCGC","6/20, 3.9",""
"1028","9100-23390","R",2012,"F","AHY","MCGC","6/20, 3.2",""
"1029","9000-90869","R",2012,"F","AHY","MCGC","6/20, 3.47",""
"1030","9100-23388","R",2012,"F","AHY","MCGC","6/20, 3.48",""
"1031","9100-22964","R",2012,"F","AHY","MCGC","6/20, 3.33",""
"1032","4100-59504","R",2012,"F","AHY","MCGC","6/20, 3.19",""
"1033","4100-08137","R",2012,"F","AHY","MCGC","6/20, 3.73",""
"1034","4100-59309","R",2012,"F","AHY","MCGC","6/20, 3.28",""
"1035","4100-59238","R",2012,"M","AHY","MCGC","6/20, 3.11",""
"1036","9100-22986","R",2012,"F","AHY","MCGC","6/20, 3.52",""
"1037","9100-23026","R",2012,"M","AHY","MCGC","6/20, 2.95",""
"1038","4100-58606","R",2012,"F","AHY","MCGC","6/20, 3.36",""
"1039","9100-22963","R",2012,"F","AHY","MCGC","6/20, 3.89",""
"1040","4100-08996","R",2012,"F","AHY","MCGC","6/20, 3.19",""
"1041","3100-42110","R",2012,"F","AHY","MCGC","6/20, 2.97",""
"1042","4100-58572","R",2012,"F","AHY","MCGC","6/20, 3.66",""
"1043","9100-22907","R",2012,"F","AHY","MCGC","6/20, 3.75",""
"1044","9100-23233","R",2012,"M","AHY","MCGC","6/20, 3.43",""
"1045","4100-59911","R",2012,"F","AHY","MCGC","6/20, 3.37",""
"1046","9100-23451","R",2012,"F","AHY","MCGC","6/20, 3.43",""
"1047","9100-23292","R",2012,"F","AHY","MCGC","6/20, 3.8",""
"1048","4100-59452","R",2012,"F","AHY","CC3","6/20, 3.33",""
"1049","4100-08444","R",2012,"F","AHY","CC3","6/20, 3.41",""
"1050","4100-08351","R",2012,"F","AHY","CC3","6/20, 3.3",""
"1051","4100-08199","R",2012,"F","AHY","CC3","6/20, 3.3",""
"1052","4100-08554","R",2012,"F","AHY","CC3","6/20, 3.89",""
"1053","4100-59277","R",2012,"F","AHY","CC3","6/20, 3.35",""
"1054","4100-59436","R",2012,"F","AHY","CC3","6/20, 3.8","band to left leg"
"1055","9100-23234","R",2012,"M","AHY","CC3","6/20, 3.18",""
"1056","4100-59748","R",2012,"F","AHY","MCGC","6/22, E6, 3.6",""
"1057","9100-23373","R",2012,"F","AHY","MCGC","6/22, 4.6",""
"1058","9100-23264","R",2012,"F","AHY","MCGC","6/22, 3.9",""
"1059","9100-23227","R",2012,"M","AHY","MCGC","6/22, 3.1",""
"1060","9100-23016","R",2012,"M","AHY","MCGC","6/22, 3.2",""
"1061","4100-59624","R",2012,"F","AHY","MCGC","6/22, 3.4",""
"1062","9100-23228","R",2012,"M","AHY","MCGC","6/22, 3.2",""
"1063","4100-08590","R",2012,"F","AHY","MCGC","6/22, 3.3",""
"1064","9100-23266","R",2012,"F","AHY","MCGC","6/22, 3.4",""
"1065","9100-23365","R",2012,"F","AHY","MCGC","6/22, 3.4",""
"1066","4100-59200","R",2012,"F","AHY","MCGC","6/22, 3.34",""
"1067","4100-08996","R",2012,"F","AHY","MCGC","6/22, 3.06",""
"1068","4100-59679","R",2012,"F","AHY","MCGC","6/22, 3.44",""
"1069","9100-23113","R",2012,"F","AHY","MCGC","6/22, 3.34",""
"1070","9100-23026","R",2012,"M","AHY","MCGC","6/22, 3.06",""
"1071","9100-23363","R",2012,"F","AHY","MCGC","6/22, 3.44",""
"1072","9100-22960","R",2012,"F","AHY","MCGC","6/22, 3.16",""
"1073","9100-23218","R",2012,"M","AHY","MCGC","6/22, 3.36",""
"1074","9100-23280","R",2012,"F","AHY","MCGC","6/22, 3.51",""
"1075","4100-59532","R",2012,"F","AHY","MCGC","6/22, 3.56",""
"1076","9100-23066","R",2012,"M","AHY","MCGC","6/22, 4.59",""
"1077","4100-58684","R",2012,"F","AHY","MCGC","6/22, E9+, 3.58",""
"1078","9100-23386","R",2012,"F","AHY","MCGC","6/22, 3.58",""
"1079","9100-23232","R",2012,"M","AHY","MCGC","6/22, 3.11",""
"1080","9100-23390","R",2012,"F","AHY","MCGC","6/22, 3.25",""
"1081","3100-42850","R",2012,"F","AHY","MCGC","6/26, 3.6",""
"1082","4100-59370","R",2012,"F","AHY","MCGC","6/26, 3.9",""
"1083","4100-59460","R",2012,"F","AHY","MCGC","6/26, 3.4",""
"1084","3100-41878","R",2012,"F","AHY","MCGC","6/26, 3.8",""
"1085","9100-23371","R",2012,"F","AHY","MCGC","6/26, 3.56",""
"1086","9100-22915","R",2012,"F","AHY","MCGC","6/26, 3.5",""
"1087","9100-23453","R",2012,"F","AHY","MCGC","6/26, 3.9",""
"1088","9100-23210","R",2012,"M","AHY","MCGC","6/26, 3.5",""
"1089","9100-23109","R",2012,"F","AHY","MCGC","6/26, 3.7",""
"1090","9100-23121","R",2012,"F","AHY","MCGC","6/26, 3.2",""
"1091","9100-23170","R",2012,"F","AHY","MCGC","6/26, 3.2",""
"1092","9100-23295","R",2012,"M","AHY","MCGC","6/26, 3.6",""
"1093","9100-23448","R",2012,"F","AHY","MCGC","6/26, 3.2",""
"1094","9100-23233","R",2012,"M","AHY","MCGC","6/26, 3.3",""
"1095","9100-22984","R",2012,"F","AHY","MCGC","6/26, 3.7",""
"1096","9100-23526","R",2012,"F","AHY","MCGC","6/26, E8, 4.2",""
"1097","3100-42511","R",2012,"F","AHY","MCGC","6/26, 4",""
"1098","9100-23284","R",2012,"F","AHY","MCGC","6/26, 3.5",""
"1099","4100-59351","R",2012,"F","AHY","MCGC","6/26, 3.2",""
"1100","9000-91054","R",2012,"F","AHY","MCGC","6/26, E6-, 3.7","E6-; band to left leg"
"1101","9100-23526","R",2012,"F","AHY","MCGC","7/3, 3.6",""
"1102","9100-23371","R",2012,"F","AHY","MCGC","7/3, 3.3",""
"1103","9100-22984","R",2012,"F","AHY","MCGC","7/3, 3.6",""
"1104","9100-23120","R",2012,"F","AHY","MCGC","7/3, 3.5",""
"1105","9100-23283","R",2012,"F","AHY","MCGC","7/3, 3.4",""
"1106","9100-23113","R",2012,"F","AHY","MCGC","7/3, 3.4",""
"1107","9100-23517","R",2012,"M","AHY","MCGC","7/3, 3.3",""
"1108","4100-59370","R",2012,"F","AHY","MCGC","7/3, 3.5",""
"1109","9100-22963","R",2012,"F","AHY","MCGC","7/3, 3.2",""
"1110","9100-22905","R",2012,"F","AHY","MCGC","7/3, 3.2",""
"1111","4100-59439","R",2012,"F","AHY","MCGC","7/3, 3.5",""
"1112","4100-59030","R",2012,"F","AHY","MCGC","7/3, 3.5",""
"1113","4100-59650","R",2012,"F","AHY","MCGC","7/3, 3.6",""
"1114","9100-23125","R",2012,"F","AHY","MCGC","7/3, 3.15",""
"1115","9100-23494","R",2012,"F","AHY","MCGC","7/3, 3.46",""
"1116","9100-23447","R",2012,"F","AHY","MCGC","7/3, 3.7",""
"1117","4100-59329","R",2012,"F","AHY","MCGC","7/3, 3.4",""
"1118","9100-23448","R",2012,"F","AHY","MCGC","7/3, 3.3",""
"1119","9100-23074","R",2012,"M","AHY","MCGC","7/4, 3.3",""
"1120","4100-59370","R",2012,"F","AHY","MCGC","7/4, 3.7",""
"1121","9100-23066","R",2012,"M","AHY","MCGC","7/4, 3.5",""
"1122","4100-58589","R",2012,"F","AHY","MCGC","7/4, 3.8",""
"1123","4100-59169","R",2012,"F","AHY","MCGC","7/4, 3.3",""
"1124","9100-23450","R",2012,"F","AHY","MCGC","7/4, 3.9",""
"1125","9100-23371","R",2012,"F","AHY","MCGC","7/4, 3.5",""
"1126","4100-08127","R",2012,"F","AHY","MCGC","7/4, 3.9",""
"1127","9100-23228","R",2012,"M","AHY","MCGC","7/4, 3.2",""
"1128","9100-23526","R",2012,"F","AHY","MCGC","7/4, 3.3",""
"1129","4100-59699","R",2012,"F","AHY","MCGC","7/4, 3.9",""
"1130","4100-59908","R",2012,"F","AHY","MCGC","7/4, 3.5",""
"1131","9100-23282","R",2012,"F","AHY","MCGC","7/4, 3.6",""
"1132","9100-23115","R",2012,"F","AHY","MCGC","7/4, 3.8",""
"1133","9100-23385","R",2012,"F","AHY","MCGC","7/5, 3.54",""
"1134","9100-23370","R",2012,"F","AHY","MCGC","7/5, 3.44",""
"1135","4100-59303","R",2012,"F","AHY","MCGC","7/5, 3.53",""
"1136","9100-23328","R",2012,"M","AHY","MCGC","7/5, 3.4",""
"1137","9100-23026","R",2012,"M","AHY","MCGC","7/5, 3.04",""
"1138","9100-23388","R",2012,"F","AHY","MCGC","7/5, 3.36",""
"1139","9100-23289","R",2012,"F","AHY","MCGC","7/5, 3.3",""
"1140","9100-23228","R",2012,"M","AHY","MCGC","7/5, 3.3",""
"1141","9100-23120","R",2012,"F","AHY","MCGC","7/5, 3.3",""
"1142","9100-23537","R",2012,"F","AHY","MCGC","7/5, 3.3",""
"1143","4100-59439","R",2012,"F","AHY","MCGC","7/5, 3.5",""
"1144","4100-59067","R",2012,"M","AHY","MCGC","7/5, 3.13",""
"1145","9100-23453","R",2012,"F","AHY","MCGC","7/5, 3.37",""
"1146","9100-23386","R",2012,"F","AHY","MCGC","7/5, 3.17",""
"1147","9100-23125","R",2012,"F","AHY","MCGC","7/5, 3.25",""
"1148","9100-23535","R",2012,"F","AHY","MCGC","7/5, 2.95",""
"1149","9100-23223","R",2012,"M","AHY","MCGC","7/5, 3.37",""
"1150","9100-23283","R",2012,"F","AHY","MCGC","7/5, 3.48",""
"1151","4100-08127","R",2012,"F","AHY","MCGC","7/5, 3.52",""
"1152","9100-23124","R",2012,"F","AHY","MCGC","7/5, 3.32",""
"1153","4100-59165","R",2012,"F","AHY","MCGC","7/5, 3.08",""
"1154","9100-23018","R",2012,"F","AHY","MCGC","7/5, 3.31",""
"1155","9100-23173","R",2012,"M","AHY","MCGC","7/5, 3.19",""
"1156","9100-23542","R",2012,"M","AHY","MCGC","7/5, 3.8",""
"1157","9100-23232","R",2012,"F","AHY","MCGC","7/5, 3.08",""
"1158","4100-59347","R",2012,"M","AHY","MCGC","7/5, E8, 4",""
"1159","4100-59327","R",2012,"F","AHY","MCGC","7/5, 3.79",""
"1160","9100-22891","R",2012,"M","AHY","MCGC","7/5, 3.49",""
"1161","3100-41981","R",2012,"F","AHY","MCGC","7/5, 3.8","band removed, spider web injury"
"1162","9100-23395","R",2012,"F","AHY","MCGC","7/5, ","6.2 mm band"
"1163","4100-59524","R",2012,"F","AHY","MCGC","7/7, 3.5",""
"1164","9100-22963","R",2012,"F","AHY","MCGC","7/7, 3.4",""
"1165","9100-23124","R",2012,"F","AHY","MCGC","7/7, 3",""
"1166","9100-23234","R",2012,"M","AHY","MCGC","7/7, 3.3",""
"1167","4100-59067","R",2012,"M","AHY","MCGC","7/7, 3",""
"1168","9100-23395","R",2012,"F","AHY","MCGC","7/7, 3.4",""
"1169","4100-59607","R",2012,"F","AHY","MCGC","7/7, 3.5",""
"1170","4100-58634","R",2012,"F","AHY","MCGC","7/7, 3.5",""
"1171","9100-23554","R",2012,"F","AHY","MCGC","7/7, 3.2",""
"1172","4100-59270","R",2012,"M","AHY","MCGC","7/7, 3.3",""
"1173","9100-23532","R",2012,"F","AHY","MCGC","7/7, 3.5",""
"1174","9100-23266","R",2012,"F","AHY","MCGC","7/7, 3.6",""
"1175","9100-23494","R",2012,"F","AHY","MCGC","7/7, 3.2",""
"1176","4100-08993","R",2012,"F","AHY","MCGC","7/7, 3.8",""
"1177","4100-59304","R",2012,"F","AHY","MCGC","7/7, 3.4",""
"1178","4100-59813","R",2012,"F","AHY","MCGC","7/7, 3.5",""
"1179","9100-23547","R",2012,"F","AHY","MCGC","7/7, fat, 4.4","fat"
"1180","9100-23515","R",2012,"M","AHY","MCGC","7/11, 3.1",""
"1181","9100-23371","R",2012,"F","AHY","MCGC","7/11, 3.1",""
"1182","9100-23020","R",2012,"M","AHY","MCGC","7/11, 3.28",""
"1183","9100-23395","R",2012,"F","AHY","MCGC","7/11, 3.06",""
"1184","9100-23366","R",2012,"F","AHY","MCGC","7/11, 3.9",""
"1185","9100-23448","R",2012,"F","AHY","MCGC","7/11, 3.36",""
"1186","4100-59205","R",2012,"M","AHY","MCGC","7/11, 3.25",""
"1187","9100-23452","R",2012,"F","AHY","MCGC","7/11, E7, 4.1",""
"1188","9100-23233","R",2012,"M","AHY","MCGC","7/11, 3.6",""
"1189","4100-08127","R",2012,"F","AHY","MCGC","7/11, 3.6",""
"1190","9100-59238","R",2012,"M","AHY","MCGC","7/11, 3.16",""
"1191","4100-59067","R",2012,"M","AHY","MCGC","7/11, 3.2",""
"1192","9100-23447","R",2012,"F","AHY","MCGC","7/11, 3.66",""
"1193","9100-23387","R",2012,"F","AHY","MCGC","7/11, 3.56",""
"1194","9100-23552","R",2012,"F","AHY","MCGC","7/11, 3.32",""
"1195","9100-23394","R",2012,"F","AHY","MCGC","7/11, 3.48",""
"1196","9100-23368","R",2012,"F","AHY","MCGC","7/11, 3.65",""
"1197","4100-59207","R",2012,"M","AHY","MCGC","7/11, 3.3",""
"1198","9100-23348","R",2012,"M","HY","MCGC","7/11, 3.1",""
"1199","9100-23113","R",2012,"F","AHY","MCGC","7/11, 3.39",""
"1200","4100-59682","R",2012,"F","AHY","MCGC","7/11, 3.69",""
"1201","9100-23532","R",2012,"F","AHY","MCGC","7/11, 3.59",""
"1202","4100-59684","R",2012,"F","AHY","MCGC","7/11, 3.5",""
"1203","9100-23288","R",2012,"F","AHY","MCGC","7/11, 3.44",""
"1204","9100-23542","R",2012,"F","AHY","MCGC","7/11, 3.45",""
"1205","3100-42307","R",2012,"F","AHY","MCGC","7/11, 3.17",""
"1206","4100-59347","R",2012,"F","AHY","MCGC","7/11, 3.6",""
"1207","9100-23390","R",2012,"F","AHY","MCGC","7/11, 3.3",""
"1208","9100-23289","R",2012,"F","AHY","MCGC","7/11, 3.3",""
"1209","9100-23385","R",2012,"F","AHY","MCGC","7/11, 3.5",""
"1210","9100-22805","R",2012,"M","AHY","MCGC","7/11, 3.1",""
"1211","9100-23518","R",2012,"M","AHY","MCGC","7/11, 3.5",""
"1212","9100-23453","R",2012,"F","AHY","MCGC","7/11, 3.7",""
"1213","9100-23515","R",2012,"M","AHY","MCGC","7/11, 3.1",""
"1214","9100-23547","R",2012,"F","AHY","MCGC","7/11, 3.4",""
"1215","3100-42366","R",2012,"F","AHY","MCGC","7/11, 3.6","spider web; move band to left leg"
"1216","4100-59309","R",2012,"F","AHY","MCGC","7/11, E9, 4.19",""
"1217","4100-59574","R",2012,"F","AHY","MCGC","7/11, 3.59",""
"1218","9100-23387","R",2012,"F","AHY","MCGC","7/11, 3.66",""
"1219","9100-23229","R",2012,"M","AHY","MCGC","7/11, 3.49",""
"1220","4100-59650","R",2012,"F","AHY","MCGC","7/11, 3.78",""
"1221","4100-58572","R",2012,"F","AHY","MCGC","7/11, 3.79",""
"1222","4100-58634","R",2012,"F","AHY","MCGC","7/11, 3.35",""
"1223","4100-59586","R",2012,"F","AHY","MCGC","7/11, 3.87",""
"1224","9100-23448","R",2012,"F","AHY","MCGC","7/11, 3.16",""
"1225","4100-59203","R",2012,"M","AHY","MCGC","7/11, 3.47",""
"1226","9100-23167","R",2012,"M","AHY","MCGC","7/11, 3.25",""
"1227","3100-41878","R",2012,"F","AHY","MCGC","7/11, fat, 3.9",""
"1228","9100-23638","R",2012,"F","AHY","MCGC","7/11, 3.4",""
"1229","9100-23632","R",2012,"F","AHY","MCGC","7/11, 4.24",""
"1230","4100-59370","R",2012,"F","AHY","MCGC","7/11, E9+, 4.13",""
"1231","4100-08952","R",2012,"F","AHY","MCGC","7/11, 3.5",""
"1232","4100-59171","R",2012,"F","AHY","MCGC","7/11, 3.4",""
"1233","9100-23385","R",2012,"F","AHY","MCGC","7/11, 3.6",""
"1234","4100-08996","R",2012,"F","AHY","MCGC","7/11, 3.3",""
"1235","4100-59347","R",2012,"F","AHY","MCGC","7/11, ",""
"1236","9100-23221","R",2012,"M","AHY","MCGC","7/11, 3.2",""
"1237","9100-23348","R",2012,"M","HY","MCGC","7/11, 3.6",""
"1238","9100-23637","R",2012,"F","AHY","MCGC","7/11, 3.9",""
"1239","9100-23370","R",2012,"F","AHY","MCGC","7/11, 3.6",""
"1240","9100-23550","R",2012,"F","AHY","MCGC","7/11, 3.9",""
"1241","9100-23665","R",2012,"F","AHY","MCGC","7/11, 3.9",""
"1242","9000-91054","R",2012,"F","AHY","MCGC","7/11, 3.7",""
"1243","9100-23168","R",2012,"M","AHY","MCGC","7/11, 3.7",""
"1244","9100-23107","R",2012,"F","AHY","MCGC","7/12, 3.66",""
"1245","4100-59670","R",2012,"F","AHY","MCGC","7/12, 3.55",""
"1246","9100-23530","R",2012,"F","AHY","MCGC","7/12, 3.52",""
"1247","9100-23124","R",2012,"F","AHY","MCGC","7/12, 3.17",""
"1248","4100-59799","R",2012,"M","AHY","MCGC","7/12, 3.17",""
"1249","9100-23113","R",2012,"F","AHY","MCGC","7/12, 3.69",""
"1250","9100-23168","R",2012,"M","AHY","MCGC","7/12, 3.25",""
"1251","9100-23527","R",2012,"F","AHY","MCGC","7/12, 3.47",""
"1252","9100-23653","R",2012,"F","AHY","MCGC","7/12, 3.62",""
"1253","4100-08590","R",2012,"F","AHY","MCGC","7/12, E9+, 4.2",""
"1254","9100-23617","R",2012,"M","HY","MCGC","7/12, 3.87",""
"1255","9100-23066","R",2012,"M","AHY","MCGC","7/12, 3.4",""
"1256","9100-23521","R",2012,"M","AHY","MCGC","7/12, 3.1",""
"1257","9100-23653","R",2012,"F","AHY","MCGC","7/12, 3.7",""
"1258","9100-23266","R",2012,"F","AHY","MCGC","7/12, ",""
"1259","9100-23452","R",2012,"F","AHY","MCGC","7/12, 3.7",""
"1260","9000-91954","R",2012,"F","AHY","MCGC","7/12, 3.9",""
"1261","4100-59260","R",2012,"M","AHY","MCGC","7/14, 3.17",""
"1262","9100-23654","R",2012,"F","AHY","MCGC","7/14, 3.21",""
"1263","9100-23221","R",2012,"F","AHY","MCGC","7/14, 3.03",""
"1264","9100-23070","R",2012,"M","AHY","MCGC","7/14, 3.3",""
"1265","9100-22837","R",2012,"M","AHY","MCGC","7/14, 3.3",""
"1266","9100-23635","R",2012,"F","AHY","MCGC","7/14, 3.3",""
"1267","9100-23066","R",2012,"M","AHY","MCGC","7/14, 3.4",""
"1268","9100-23494","R",2012,"F","AHY","MCGC","7/14, 3.4",""
"1269","9100-23348","R",2012,"M","HY","MCGC","7/14, 3.5",""
"1270","9100-23389","R",2012,"F","AHY","MCGC","7/14, 3.3",""
"1271","9100-23286","R",2012,"F","AHY","MCGC","7/14, 3.5",""
"1272","9100-23549","R",2012,"F","AHY","MCGC","7/14, 3.3",""
"1273","4100-59975","R",2012,"F","AHY","MCGC","7/14, 4",""
"1274","9100-23313","R",2012,"M","AHY","MCGC","7/14, 3.2",""
"1275","9100-23167","R",2012,"M","AHY","MCGC","7/14, 3.2",""
"1276","3100-42643","R",2012,"F","AHY","MCGC","7/14, 3.73",""
"1277","9100-23636","R",2012,"F","AHY","MCGC","7/14, 3.69",""
"1278","9100-23526","R",2012,"F","AHY","MCGC","7/14, 3.7",""
"1279","9000-91054","R",2012,"F","AHY","MCGC","7/14, 3.35",""
"1280","9100-23221","R",2012,"M","AHY","MCGC","7/14, 3.06",""
"1281","9100-23654","R",2012,"F","AHY","MCGC","7/14, 3.23",""
"1282","9100-23107","R",2012,"F","AHY","MCGC","7/14, 3.36",""
"1283","9100-23120","R",2012,"F","AHY","MCGC","7/14, 3.48",""
"1284","9100-23670","R",2012,"F","AHY","MCGC","7/14, 3.27",""
"1285","9100-23667","R",2012,"F","AHY","MCGC","7/14, 3.48",""
"1286","9100-23348","R",2012,"M","HY","MCGC","7/14, 3.54","again"
"1287","9100-23655","R",2012,"F","AHY","MCGC","7/14, 4.2",""
"1288","9100-23637","R",2012,"F","AHY","MCGC","7/14, 3.6",""
"1289","9100-23389","R",2012,"F","AHY","MCGC","7/14, 3.21",""
"1290","9100-23386","R",2012,"F","AHY","MCGC","7/14, 3.45",""
"1291","9100-23654","R",2012,"F","AHY","MCGC","7/14, 3.22",""
"1292","9100-23459","R",2012,"F","AHY","MCGC","7/14, 3.72",""
"1293","4100-08590","R",2012,"F","AHY","MCGC","7/14, 3.35",""
"1294","9100-23016","R",2012,"M","AHY","MCGC","7/14, 3.33",""
"1295","9100-23113","R",2012,"F","AHY","MCGC","7/14, 3.2",""
"1296","9100-23385","R",2012,"F","AHY","MCGC","7/14, 3.21",""
"1297","9100-23372","R",2012,"F","AHY","MCGC","7/18, 3.62",""
"1298","9100-23395","R",2012,"F","AHY","MCGC","7/18, 3.19",""
"1299","9100-23665","R",2012,"F","AHY","MCGC","7/18, 3.41",""
"1300","4100-59370","R",2012,"F","AHY","MCGC","7/18, 3.53",""
"1301","9100-23026","R",2012,"M","AHY","MCGC","7/18, 3.02",""
"1302","9100-23670","R",2012,"F","AHY","MCGC","7/18, 3.02",""
"1303","9100-23767","R",2012,"F","AHY","MCGC","7/18, E9, 3.8",""
"1304","9100-23322","R",2012,"M","AHY","MCGC","7/18, 3.09",""
"1305","9100-23328","R",2012,"M","AHY","MCGC","7/18, 3.44",""
"1306","9100-23125","R",2012,"F","AHY","MCGC","7/18, 3.02",""
"1307","9100-23291","R",2012,"F","AHY","MCGC","7/18, 3.34",""
"1308","9100-23018","R",2012,"M","AHY","MCGC","7/18, 3.29",""
"1309","4100-08127","R",2012,"F","AHY","MCGC","7/18, 3.37",""
"1310","9100-23227","R",2012,"M","AHY","MCGC","7/18, 3.09",""
"1311","4100-08321","R",2012,"F","AHY","MCGC","7/18, 3.3",""
"1312","9100-22920","R",2012,"F","AHY","MCGC","7/18, 3.8",""
"1313","9100-23362","R",2012,"F","AHY","MCGC","7/18, 3.7",""
"1314","9100-23390","R",2012,"F","AHY","MCGC","7/18, 3.2",""
"1315","4100-58583","R",2012,"F","AHY","MCGC","7/18, ","pine pitch, band to L. leg"
"1316","9100-23348","R",2012,"M","HY","MCGC","7/18, 4",""
"1317","9100-23107","R",2012,"F","AHY","MCGC","7/18, 3.4",""
"1318","9100-23113","R",2012,"F","AHY","MCGC","7/18, 3.5",""
"1319","9100-23712","R",2012,"F","AHY","MCGC","7/18, 3.6",""
"1320","9100-23617","R",2012,"M","HY","MCGC","7/18, 3.8",""
"1321","9100-23066","R",2012,"M","AHY","MCGC","7/18, 3.5",""
"1322","9100-23115","R",2012,"F","AHY","MCGC","7/21, 4",""
"1323","9100-23368","R",2012,"F","AHY","MCGC","7/21, 3.9",""
"1324","9100-23579","R",2012,"F","AHY","MCGC","7/18, 3.6",""
"1325","9100-23778","R",2012,"F","AHY","MCGC","7/21, 3.5",""
"1326","9100-23386","R",2012,"F","AHY","MCGC","7/21, 3.6",""
"1327","4100-59527","R",2012,"F","AHY","MCGC","7/21, 3.9",""
"1328","4100-08127","R",2012,"F","AHY","MCGC","7/21, 3.5",""
"1329","9100-23662","R",2012,"F","AHY","MCGC","7/21, 3.8",""
"1330","9100-23668","R",2012,"F","AHY","MCGC","7/21, fat, 3.7","fat"
"1331","9100-23120","R",2012,"F","AHY","MCGC","7/21, 4.22",""
"1332","9100-23530","R",2012,"F","AHY","MCGC","7/22, 3.24",""
"1333","9100-23778","R",2012,"F","AHY","MCGC","7/22, 3.35",""
"1334","9100-23439","R",2012,"F","AHY","MCGC","7/22, 3.26",""
"1335","9100-23447","R",2012,"F","AHY","MCGC","7/22, 3.51",""
"1336","9100-23007","R",2012,"M","AHY","MCGC","7/22, 3.6",""
"1337","9100-23712","R",2012,"F","AHY","MCGC","7/22, 3.9",""
"1338","9100-23542","R",2012,"F","AHY","MCGC","7/22, 3.6",""
"1339","4100-08127","R",2012,"F","AHY","MCGC","7/22, 3.49",""
"1340","9100-23222","R",2012,"M","AHY","MCGC","7/22, 3.12",""
"1341","4100-59447","R",2012,"F","AHY","MCGC","7/22, ","band to l. leg"
"1342","9100-23670","R",2012,"F","AHY","MCGC","7/22, 3.88",""
"1343","9100-23880","R",2012,"F","AHY","MCGC","7/22, 3.58",""
"1344","9100-23532","R",2012,"F","AHY","MCGC","7/22, 3.5",""
"1345","4100-08590","R",2012,"F","AHY","MCGC","7/22, 3.4",""
"1346","9100-23752","R",2012,"F","AHY","MCGC","7/22, 3.6",""
"1347","9100-22910","R",2012,"F","AHY","MCGC","7/23, 4",""
"1348","9100-23652","R",2012,"F","AHY","MCGC","7/23, 3.69",""
"1349","9100-23636","R",2012,"F","AHY","MCGC","7/23, 3.63",""
"1350","9100-23348","R",2012,"M","HY","MCGC","7/24, 3.8",""
"1351","9100-23457","R",2012,"F","AHY","MCGC","7/24, 3.7",""
"1352","9100-23666","R",2012,"F","AHY","MCGC","7/24, 3.6",""
"1353","9100-23771","R",2012,"F","AHY","MCGC","7/24, 3.8",""
"1354","4100-08998","R",2012,"F","AHY","MCGC","7/24, 3.5",""
"1355","9100-23532","R",2012,"F","AHY","MCGC","7/24, 3.6",""
"1356","9100-23902","R",2012,"F","HY","MCGC","7/24, 3.4",""
"1357","9100-23879","R",2012,"F","AHY","MCGC","7/24, 3.2",""
"1358","9100-23633","R",2012,"F","AHY","MCGC","7/24, 3.2",""
"1359","9100-23653","R",2012,"F","AHY","MCGC","7/24, 3.7",""
"1360","9100-23554","R",2012,"F","AHY","MCGC","7/24, 3.2",""
"1361","4100-59165","R",2012,"F","AHY","MCGC","7/24, 3.4",""
"1362","4100-08351","R",2012,"F","AHY","CC3","7/26, 3.42",""
"1363","9100-23876","R",2012,"F","AHY","CC3","7/26, fat, 4.46","fat"
"1364","9000-90869","R",2012,"F","AHY","MCGC","7/26, 3.5",""
"1365","4100-08449","R",2012,"F","AHY","MCGC","7/26, 4.2",""
"1366","4100-58585","R",2012,"F","AHY","MCGC","7/26, 3.55",""
"1367","4100-08367","R",2012,"F","AHY","MCGC","7/26, 3.6",""
"1368","9100-23447","R",2012,"F","AHY","MCGC","7/26, 3.61",""
"1369","4100-58648","R",2012,"F","AHY","MCGC","7/26, 3.58",""
"1370","4100-59452","R",2012,"F","AHY","MCGC","7/26, 3.97",""
"1371","9100-23107","R",2012,"F","AHY","MCGC","7/26, 3.6",""
"1372","4100-59576","R",2012,"F","AHY","MCGC","7/26, 3.84",""
"1373","9100-23363","R",2012,"F","AHY","MCGC","7/26, 3.67",""
"1374","9100-23527","R",2012,"F","AHY","MCGC","7/26, 4.12",""
"1375","9100-23918","R",2012,"F","AHY","MCGC","7/26, 3.8",""
"1376","9100-23983","R",2012,"F","HY","MCGC","7/26, 3.57",""
"1377","3100-42078","R",2012,"F","AHY","MCGC","7/26, 3.71",""
"1378","9100-23655","R",2012,"F","AHY","MCGC","7/26, 3.92",""
"1379","9100-23553","R",2012,"F","AHY","MCGC","7/26, 3.83",""
"1380","9100-23541","R",2012,"F","AHY","MCGC","7/26, 3.59",""
"1381","9100-23515","R",2012,"F","AHY","MCGC","7/26, 3.8",""
"1382","9000-91054","R",2012,"F","AHY","MCGC","7/26, 3.9",""
"1383","4100-59165","R",2012,"F","AHY","MCGC","7/26, 4.1",""
"1384","9100-23775","R",2012,"F","AHY","MCGC","7/26, 3.9",""
"1385","9100-23668","R",2012,"F","AHY","MCGC","7/26, 3.8",""
"1386","4100-59527","R",2012,"F","AHY","MCGC","7/26, 3.8",""
"1387","4100-59347","R",2012,"F","AHY","MCGC","7/26, 3.8",""
"1388","9100-23109","R",2012,"F","AHY","MCGC","7/26, 4.01",""
"1389","9100-23985","R",2012,"F","AHY","MCGC","7/28, 3.5",""
"1390","9100-23447","R",2012,"F","AHY","MCGC","7/28, 3.3",""
"1391","4100-08998","R",2012,"F","AHY","MCGC","7/28, 3.9",""
"1392","3100-42366","R",2012,"F","AHY","MCGC","7/28, 3.7",""
"1393","4100-59576","R",2012,"F","AHY","MCGC","7/28, 3.37",""
"1394","4100-08113","R",2012,"F","AHY","MCGC","7/28, 3.32",""
"1395","9100-23774","R",2012,"F","AHY","MCGC","7/28, 3.4",""
"1396","9100-22964","R",2012,"F","AHY","MCGC","7/28, 4.1",""
"1397","4100-59527","R",2012,"F","AHY","MCGC","7/28, 3.7",""
"1398","4100-59309","R",2012,"F","AHY","MCGC","7/28, 3.8",""
"1399","9100-22920","R",2012,"F","AHY","MCGC","7/28, 3.7",""
"1400","4100-59370","R",2012,"F","AHY","MCGC","7/28, 3.87",""
"1401","9100-23778","R",2012,"F","AHY","MCGC","7/28, 4.3",""
"1402","9100-23535","R",2012,"F","AHY","MCGC","7/28, 5.05",""
"1403","9100-23366","R",2012,"F","AHY","MCGC","7/28, 3.8",""
"1404","4100-59524","R",2012,"F","AHY","MCGC","7/28, 3.18",""
"1405","9100-23670","R",2012,"F","AHY","MCGC","7/28, 3.6",""
"1406","4100-08449","R",2012,"F","AHY","MCGC","7/28, 3.95",""
"1407","9100-23778","R",2012,"F","AHY","MCGC","7/28,  ","again"
"1408","9100-23712","R",2012,"F","AHY","MCGC","7/28, 3.61",""
"1409","9100-24023","R",2012,"F","AHY","MCGC","7/28, 3.9","again"
"1410","4100-59624","R",2012,"F","AHY","MCGC","7/28, 4",""
"1411","9100-23494","R",2012,"F","AHY","MCGC","7/28, 3.3",""
"1412","9100-23120","R",2012,"F","AHY","MCGC","7/28, 3.7",""
"1413","9000-90886","R",2012,"F","AHY","MCGC","7/28, 3.7",""
"1414","4100-59650","R",2012,"F","AHY","MCGC","7/28, 3.3",""
"1415","9100-23287","R",2012,"F","AHY","MCGC","7/28, 3.5",""
"1416","9100-23386","R",2012,"F","AHY","MCGC","7/28, 3.5",""
"1417","4100-59559","R",2012,"F","AHY","MCGC","7/28, 3.8",""
"1418","9100-24023","R",2012,"F","AHY","MCGC","7/28,  ","again"
"1419","9100-23018","R",2012,"M","HY","MCGC","7/28, 3.6",""
"1420","9100-24026","R",2012,"F","AHY","MCGC","7/29, 3.7",""
"1421","9100-23670","R",2012,"F","AHY","MCGC","7/29, 3.4",""
"1422","9100-24027","R",2012,"F","AHY","MCGC","7/29, 5",""
"1423","9100-23880","R",2012,"F","AHY","MCGC","7/29, 3.5",""
"1424","9100-23447","R",2012,"F","AHY","MCGC","7/29, 3.37",""
"1425","4100-59303","R",2012,"F","AHY","MCGC","7/29, 3.5",""
"1426","9100-22965","R",2012,"F","AHY","MCGC","7/29, 3.8",""
"1427","9100-23527","R",2012,"F","AHY","MCGC","7/29, 3.5",""
"1428","9100-23120","R",2012,"F","AHY","MCGC","7/29, 4.2",""
"1429","9100-24023","R",2012,"F","AHY","MCGC","7/29, 3.44",""
"1430","9100-22979","R",2012,"F","AHY","MCGC","7/29, 3.35",""
"1431","9100-23066","R",2012,"M","AHY","MCGC","7/29, 3.43",""
"1432","9100-23633","R",2012,"F","AHY","MCGC","7/29, 3.6",""
"1433","9100-24026","R",2012,"F","AHY","MCGC","7/29, 3.5",""
"1434","9100-23526","R",2012,"F","AHY","MCGC","7/29, 3.3",""
"1435","4100-58572","R",2012,"F","AHY","MCGC","8/1, 4.24",""
"1436","9100-23654","R",2012,"F","AHY","MCGC","8/1, ",""
"1437","9100-23776","R",2012,"F","AHY","MCGC","8/1, 4.1",""
"1438","4100-59309","R",2012,"F","AHY","MCGC","8/1, 3.5",""
"1439","9100-22984","R",2012,"F","AHY","MCGC","8/1, 3.93",""
"1440","9100-23452","R",2012,"F","AHY","MCGC","8/1, 3.92",""
"1441","9100-23234","R",2012,"M","AHY","MCGC","8/1, 3.6",""
"1442","9100-23777","R",2012,"F","AHY","MCGC","8/1, 4",""
"1443","9100-23665","R",2012,"F","AHY","MCGC","8/1, 3.5",""
"1444","9100-23366","R",2012,"F","AHY","MCGC","8/3, 3.8",""
"1445","9100-23776","R",2012,"F","AHY","MCGC","8/3, 3.64",""
"1446","9100-23526","R",2012,"F","AHY","MCGC","8/3, 3.64",""
"1447","9100-23363","R",2012,"F","AHY","MCGC","8/3, 4.02",""
"1448","4100-59165","R",2012,"F","AHY","MCGC","8/3, 3.48",""
"1449","9100-23777","R",2012,"F","AHY","MCGC","8/3, 3.86",""
"1450","9100-23668","R",2012,"F","AHY","MCGC","8/3, 3.94",""
"1451","3100-42214","R",2012,"F","AHY","MCGC","8/3, 3.58",""
"1452","9100-23120","R",2012,"F","AHY","MCGC","8/3, 3.47",""
"1453","9100-22979","R",2012,"F","AHY","MCGC","8/3, ",""
"1454","3100-42512","R",2012,"F","AHY","MCGC","8/3, 3.9",""
"1455","4100-59527","R",2012,"F","AHY","MCGC","8/4, 3.55",""
"1456","4100-59586","R",2012,"F","AHY","MCGC","8/4, 3.17",""
"1457","9100-23291","R",2012,"F","AHY","MCGC","8/4, 3.1",""
"1458","9100-08236","R",2012,"F","AHY","MCGC","8/4, 3.93",""
"1459","4100-59165","R",2012,"F","AHY","MCGC","8/4, 3.57",""
"1460","9000-90869","R",2012,"F","AHY","MCGC","8/4, 3.44",""
"1461","9100-23985","R",2012,"F","AHY","MCGC","8/4, 3.52",""
"1462","4100-08449","R",2012,"F","AHY","MCGC","8/4, 3.56",""
"1463","4100-08996","R",2012,"F","AHY","MCGC","8/4, 3.8",""
"1464","9100-24068","R",2012,"M","HY","MCGC","8/4, 3.32",""
"1465","9100-23633","R",2012,"F","AHY","MCGC","8/4, 3.56",""
"1466","4100-59912","R",2012,"F","AHY","MCGC","8/4, 3.74",""
"1467","9100-22984","R",2012,"F","AHY","MCGC","8/4, 3.84",""
"1468","9100-23771","R",2012,"F","AHY","MCGC","8/4, 4.5",""
"1469","4100-08127","R",2012,"F","AHY","MCGC","8/4, 3.4",""
"1470","9100-23778","R",2012,"F","AHY","MCGC","8/4, 3.75",""
"1471","9100-23655","R",2012,"F","AHY","MCGC","8/4, 4.5",""
"1472","9100-23541","R",2012,"F","AHY","MCGC","8/4, 3.41",""
"1473","9100-23283","R",2012,"F","AHY","MCGC","8/4,  ","again"
"1474","3100-42713","R",2012,"F","AHY","MCGC","8/4, 3.69",""
"1475","9100-23064","R",2012,"M","AHY","MCGC","8/4, 4.55",""
"1476","9100-23113","R",2012,"F","AHY","MCGC","8/4, 3.79",""
"1477","4100-58572","R",2012,"F","AHY","MCGC","8/4, 3.3",""
"1478","4100-59460","R",2012,"F","AHY","MCGC","8/4, 3.6",""
"1479","9100-23636","R",2012,"F","AHY","MCGC","8/4, 3.6",""
"1480","4100-59452","R",2012,"F","AHY","MCGC","8/4, 3.4",""
"1481","3100-42366","R",2012,"F","AHY","MCGC","8/4, 3.4",""
"1482","9100-23385","R",2012,"F","AHY","MCGC","8/4, 3.8",""
"1483","9100-23283","R",2012,"F","AHY","MCGC","8/4, 3.3",""
"1484","9100-23445","R",2012,"F","AHY","MCGC","8/4, 3",""
"1485","4100-59370","R",2012,"F","AHY","MCGC","8/6, 3.79",""
"1486","9100-23446","R",2012,"F","AHY","MCGC","8/6, 3.86",""
"1487","9100-23107","R",2012,"F","AHY","MCGC","8/6, 3.79",""
"1488","9100-23670","R",2012,"F","AHY","MCGC","8/6, 3.34",""
"1489","9100-23654","R",2012,"F","AHY","MCGC","8/6, 3.47",""
"1490","9100-23283","R",2012,"F","AHY","MCGC","8/6, 3.24",""
"1491","9100-23776","R",2012,"F","AHY","MCGC","8/6, 3.13",""
"1492","9100-23188","R",2012,"M","HY","MCGC","8/6, 4",""
"1493","9100-22915","R",2012,"F","AHY","MCGC","8/6, 3.8",""
"1494","9100-23633","R",2012,"F","AHY","MCGC","8/6, 3.7",""
"1495","9100-24096","R",2012,"F","AHY","MCGC","8/6, 3.49",""
"1496","9100-23776","R",2012,"F","AHY","MCGC","8/6, 3.3",""
"1497","9100-24149","R",2012,"F","AHY","MCGC","8/6,  ","again"
"1498","9100-23662","R",2012,"F","AHY","MCGC","8/6,  ","again"
"1499","9100-23447","R",2012,"F","AHY","MCGC","8/6,  ","again"
"1500","9100-23774","R",2012,"F","AHY","CC3","8/7, 3.19",""
"1501","9100-23669","R",2012,"F","AHY","CC3","8/7, 3.54",""
"1502","9100-23221","R",2012,"M","AHY","MCGC","8/9, 3.4",""
"1503","9100-23394","R",2012,"F","AHY","MCGC","8/9, 3.6",""
"1504","9100-22915","R",2012,"F","AHY","MCGC","8/9, 3.71",""
"1505","9100-23633","R",2012,"F","AHY","MCGC","8/9, 4.03",""
"1506","9100-23107","R",2012,"F","AHY","MCGC","8/9, 3.96",""
"1507","9100-23365","R",2012,"F","AHY","MCGC","8/9, 3.58",""
"1508","4100-59975","R",2012,"F","AHY","MCGC","8/9, 3.97",""
"1509","9100-23113","R",2012,"F","AHY","MCGC","8/9, 4.47",""
"1510","9100-23665","R",2012,"F","AHY","MCGC","8/9, 3.26",""
"1511","9100-24196","R",2012,"F","AHY","MCGC","8/9, 4.39",""
"1512","9100-24148","R",2012,"F","AHY","MCGC","8/9, 4.1",""
"1513","9100-23366","R",2012,"F","AHY","MCGC","8/9, 3.84",""
"1514","9100-23923","R",2012,"F","AHY","MCGC","8/9, 3.13",""
"1515","9100-24035","R",2012,"F","AHY","MCGC","8/9, 3.4",""
"1516","4100-59559","R",2012,"F","AHY","MCGC","8/11, 3.47",""
"1517","4100-08996","R",2012,"F","AHY","MCGC","8/11, 3.34",""
"1518","9100-23712","R",2012,"F","AHY","MCGC","8/11, 3.59",""
"1519","9100-23668","R",2012,"F","AHY","MCGC","8/11, 3.89",""
"1520","4100-59524","R",2012,"F","AHY","MCGC","8/14, 3.1",""
"1521","9100-23666","R",2012,"F","AHY","MCGC","8/14, 3.73",""
"1522","9100-24035","R",2012,"F","AHY","MCGC","8/14, 3.3",""
"1523","9100-22984","R",2012,"F","AHY","MCGC","8/14, 3.8",""
"1524","9100-23368","R",2012,"F","AHY","MCGC","8/14, 3.6",""
"1525","9100-24098","R",2012,"F","AHY","MCGC","8/14, 3.81",""
"1526","9100-23777","R",2012,"F","AHY","MCGC","8/15, 4.1",""
"1527","9100-23880","R",2012,"F","AHY","MCGC","8/15, 3.8",""
"1528","4100-59370","R",2012,"F","AHY","MCGC","8/15, 3.5",""
"1529","9100-23447","R",2012,"F","AHY","MCGC","8/15, 3.63",""
"1530","3100-42850","R",2012,"F","AHY","MCGC","8/15, 3.5",""
"1531","9100-24096","R",2012,"F","AHY","MCGC","8/15, 3.6",""
"1532","9100-23368","R",2012,"F","AHY","MCGC","8/15, 3.2",""
"1533","9100-24171","R",2012,"F","HY","MCGC","8/15, 3.2",""
"1534","9100-24200","R",2012,"M","AHY","MCGC","8/15, 3.19",""
"1535","4100-59347","R",2012,"F","AHY","MCGC","8/15, 3.5",""
"1536","9100-24089","R",2012,"F","AHY","MCGC","8/15, 3.7",""
"1537","9100-23777","R",2012,"F","AHY","MCGC","8/15, 3.32","again"
"1538","9100-23365","R",2012,"F","AHY","MCGC","8/15, 3.42",""
"1539","9100-23878","R",2012,"F","AHY","MCGC","8/15, 4.04",""
"1540","9100-23776","R",2012,"F","AHY","MCGC","8/15, 3.53",""
"1541","9100-23920","R",2012,"F","AHY","MCGC","8/15, 3.16",""
"1542","9100-23328","R",2012,"M","AHY","MCGC","8/15, 3.9",""
"1543","9100-57022","R",2012,"F","HY","MCGC","8/15, 3.2",""
"1544","9100-24200","R",2012,"F","AHY","MCGC","8/15,  ","again"
"1545","4100-59524","R",2012,"F","AHY","MCGC","8/18, 3.1",""
"1546","4100-59370","R",2012,"F","AHY","MCGC","8/18, 3.6",""
"1547","9100-23368","R",2012,"F","AHY","MCGC","8/18, 3.4",""
"1548","9100-57044","R",2012,"F","HY","MCGC","8/18,  ","again"
"1549","9100-23662","R",2012,"F","AHY","MCGC","8/18, 3.14",""
"1550","9100-23530","R",2012,"F","AHY","MCGC","8/18, 3.8",""
"1551","9100-23985","R",2012,"F","AHY","MCGC","8/18, 3.5",""
"1552","4100-59370","R",2012,"F","AHY","MCGC","8/19, 3.5",""
"1553","9100-23541","R",2012,"F","AHY","MCGC","8/19, 3.6",""
"1554","9100-24196","R",2012,"F","AHY","MCGC","8/19, 3.6",""
"1555","9100-23662","R",2012,"F","AHY","MCGC","8/19, 3.79",""
"1556","9100-23662","R",2012,"F","AHY","MCGC","8/19,  ","again"
"1557","9100-23776","R",2012,"F","AHY","MCGC","8/19, 3.26",""
"1558","9100-23662","R",2012,"F","AHY","MCGC","8/19, 3.4",""
"1559","9100-57075","R",2012,"M","HY","MCGC","8/19,  ","again"
"1560","9100-24200","R",2012,"F","AHY","MCGC","8/19, 3.11",""
"1561","9100-24095","R",2012,"F","AHY","CC3","8/19, 3.42",""
"1562","9100-57107","R",2012,"F","AHY","CC3","8/19,  ","again"
"1563","9100-24149","R",2012,"F","AHY","CC3","8/19, 3.14",""
"1564","9100-24196","R",2012,"F","AHY","MCGC","8/22, 3.28",""
"1565","4100-59851","R",2012,"M","AHY","MCGC","8/22, 3.57",""
"1566","9100-23091","R",2012,"M","AHY","MCGC","8/22, 3.64",""
"1567","9100-24196","R",2012,"F","AHY","MCGC","8/22,  ","again"
"1568","4100-59524","R",2012,"F","AHY","MCGC","8/23, 3",""
"1569","9100-57163","R",2012,"M","HY","MCGC","8/23, 3.5",""
"1570","9100-23368","R",2012,"F","AHY","MCGC","8/23, 3.5",""
"1571","9100-23667","R",2012,"F","AHY","MCGC","8/23, 4.3",""
"1572","9100-57150","R",2012,"M","HY","MCGC","8/23, 3.3",""
"1573","9100-23636","R",2012,"F","AHY","MCGC","8/23, 4.3","band moved to left leg"
"1574","9100-23815","R",2012,"M","AHY","MCGC","8/26, 3.24",""
"1575","9100-23662","R",2012,"F","AHY","MCGC","8/26, 3.24",""
"1576","9100-24200","R",2012,"F","AHY","MCGC","8/26, 3.32",""
"1577","9100-24196","R",2012,"F","AHY","MCGC","8/26, 3.08",""
"1578","9100-24150","R",2012,"F","AHY","MCGC","8/26, 3.23",""
"1579","9100-57138","R",2012,"F","HY","MCGC","8/26, 3.39",""
"1580","9100-24200","R",2012,"F","AHY","MCGC","8/26, 3.27","again"
"1581","9100-57186","R",2012,"F","HY","MCGC","8/26, 3.5",""
"1582","9100-23662","R",2012,"F","AHY","MCGC","8/29, 3.5",""
"1583","9100-57260","R",2012,"M","HY","MCGC","8/29,  ","again"
"1584","4100-59370","R",2012,"F","AHY","MCGC","8/29, 4.94",""
"1585","4100-59309","R",2012,"F","AHY","MCGC","8/29, 3.33",""
"1586","9100-23668","R",2012,"F","AHY","MCGC","8/29, 3.9",""
"1587","9100-57260","R",2012,"M","HY","MCGC","8/29,  ","again"
"1588","9100-23774","R",2012,"F","AHY","MCGC","8/29, 3.17",""
"1589","9100-24089","R",2012,"F","AHY","MCGC","8/29, 4.2",""
"1590","4100-59370","R",2012,"F","AHY","MCGC","9/2, 3.7",""
"1591","4100-59370","R",2012,"F","AHY","MCGC","9/4, 4",""
"1592","9100-57296","R",2012,"M","HY","MCGC","9/7, ","banded today"
