Band Number,Original Date,Original Site,Species,Original Sex,Original Age,Recapture Year,Recapture 1,Recapture 2,Recapture 3,Recapture 4,Recapture 5,Recapture 6,Recapture 7,Recapture 8,Recapture 9,Recapture 10,Recapture 11,Recapture 12,Recapture 13,Recapture 14,Recapture 15,Recapture 16,Recapture 17,Comments
5000-11529,06/01/03,MCGC,BTLH,M,AHY,2005,5/13 3.5g,5/15 3.3g,5/16 3.3g,,,,,,,,,,,,,,,
5000-11536,06/04/03,MCGC,BTLH,F,AHY,2005,6/10 3.5g,6/12 3.4g E6,,,,,,,,,,,,,,,,
5000-11543,06/04/03,MCGC,BTLH,F,AHY,2005,6/13 3.6g E6,6/18 3.4g,7/31 3.9g,,,,,,,,,,,,,,,"Jul, r3 Lt wear"
5000-11554,06/05/03,MCGC,BTLH,F,AHY,2005,8/1 4.3g,,,,,,,,,,,,,,,,,"Aug, LTW"
5000-11558,06/12/03,MCGC,BTLH,F,AHY,2005,5/17 3.4g,5/18 3.4g,6/12 3.7g E7,6/13 n.w.,6/18 3.6g,7/8 3.5g,7/19 3.5g,7/25 3.5g,,,,,,,,,,"Jul, HTW"
5000-11591,06/15/03,MCGC,BTLH,M,AHY,2005,5/16 3.4g,,,,,,,,,,,,,,,,,
5000-11593,06/15/03,MCGC,BTLH,F,AHY,2005,5/14 3.4g,6/13 3.4g,,,,,,,,,,,,,,,,
5000-11601,06/15/03,MCGC,BTLH,F,AHY,2005,6/13 3.4g,7/10 3.4g E6,,,,,,,,,,,,,,,,
5000-11632,06/22/03,MCGC,BTLH,M,AHY,2005,5/15 3.1g,5/16 3.3g 7x,5/17 3.3g 5x,5/18 3.2g 2x,5/19 3.2g,6/13 3.1g,,,,,,,,,,,,
5000-11633,06/22/03,MCGC,BTLH,M,AHY,2005,5/14 3.2g 2x,,,,,,,,,,,,,,,,,
5000-11635,06/22/03,MCGC,BTLH,F,AHY,2005,6/12 3.8g E6,6/13 3.6g,,,,,,,,,,,,,,,,
5000-11639,06/22/03,MCGC,BTLH,M,AHY,2005,5/13 3.4g,5/14 3.2g,5/15 3.2g,5/16 3.1g 3x,5/19 3.1g,5/23 3.1g,5/25 3.2g,5/31 3.3g,6/2 3.2g,,,,,,,,,
5000-11657,06/28/03,MCGC,BTLH,F,AHY,2005,6/12 3.8g E6,6/13 3.4g,7/14 4.1g,7/21 3.5g,,,,,,,,,,,,,,
5000-11665,07/03/03,MCGC,BTLH,M,AHY,2005,5/13 3.5g,5/14 3.4g,5/15 3.3g,5/16 3.3g 3x,5/19 3.3g,,,,,,,,,,,,,
5000-11679,07/05/03,MCGC,BTLH,M,AHY,2005,5/16 3.3g,,,,,,,,,,,,,,,,,
5000-11693,07/06/03,MCGC,BTLH,M,AHY,2005,7/10 3.5g,,,,,,,,,,,,,,,,,
5000-11698,07/06/03,CC2,BTLH,F,AHY,2005,8/7 3.9g,,,,,,,,,,,,,,,,,
5000-11709,07/07/03,MCGC,BTLH,M,AHY,2005,5/15 3.3g,,,,,,,,,,,,,,,,,
5000-11723,07/10/03,MCGC,BTLH,F,AHY,2005,7/26 3.5g,,,,,,,,,,,,,,,,,"Jul, HTW"
5000-11732,07/11/03,MCGC,BTLH,F,AHY,2005,6/12 4.1 E7,7/26 4.2g,7/31 4.1g,,,,,,,,,,,,,,,"Jul, MTW"
5000-11738,07/11/03,MCGC,BTLH,F,AHY,2005,5/14 4.0g E6,5/15 4.4g E8,5/16 4.1g E8,,,,,,,,,,,,,,,
5000-11749,07/11/03,MCGC,BTLH,M,AHY,2005,5/19 3.2g,,,,,,,,,,,,,,,,,
5000-11757,07/12/03,MCGC,BTLH,F,AHY,2005,7/8 3.2g,7/10 3.4g E6,,,,,,,,,,,,,,,,
5000-11778,07/14/03,MCGC,BTLH,F,AHY,2005,5/16 3.4 E6-,,,,,,,,,,,,,,,,,
5000-29248,07/25/03,MCGC,BTLH,M,AHY,2005,5/15 3.3g 2x,5/16 3.4 3x,5/17 3.3g,6/12 3.0g,,,,,,,,,,,,,,
5000-29260,07/26/03,MCGC,BTLH,M,AHY,2005,5/17 3.6g,,,,,,,,,,,,,,,,,
5000-29290,07/28/03,MP1,BTLH,F,AHY,2005,6/11 3.3g E6,7/7 3.6g,,,,,,,,,,,,,,,,
5000-29291,07/28/03,MP1,BTLH,F,AHY,2005,6/18 3.8g E8,,,,,,,,,,,,,,,,,
5000-29292,07/28/03,MP1,BTLH,F,AHY,2005,6/18 3.7g,,,,,,,,,,,,,,,,,
5000-29304,08/01/03,MCGC,BTLH,F,AHY,2005,7/12 3.7g,,,,,,,,,,,,,,,,,
5000-29306,08/01/03,MCGC,BTLH,F,AHY,2005,6/10 3.7g 2x,6/12 4.0g E6 2x,6/13 3.8g E6,6/18 3.7g,7/10 3.7g,,,,,,,,,,,,,"Jul, VHTW"
5000-29348,08/04/03,MP1,BTLH,F,AHY,2005,5/31 3.5g,,,,,,,,,,,,,,,,,
5000-29365,08/05/03,MCGC,BTLH,M,HY,2005,5/13 3.8g,5/14 3.5g,5/16 3.3g,,,,,,,,,,,,,,,
5000-29369,08/05/03,MCGC,BTLH,F,AHY,2005,5/14 3.6g,6/10 3.5g 2x,6/12 3.4g 2x,6/18 3.5g,6/21 3.4g,7/103.4g,7/11 3.3g,8/1 3.7g,,,,,,,,,,
5000-29371,08/06/03,MCGC,BTLH,M,HY,2005,5/13 3.3g,5/16 3.2g,,,,,,,,,,,,,,,,
5000-29401,08/11/03,MCGC,BTLH,M,AHY,2005,5/14 3.4g 2x,5/15 3.3g 3x,5/16 3.4g 3x,5/17 3.4g,5/18 3.5g,,,,,,,,,,,,,
5000-29407,08/11/03,MP1,BTLH,F,AHY,2005,5/26 4.5g E8,6/2 3.5g,6/5 3.4g,,,,,,,,,,,,,,,
5000-29419,08/11/03,MP1,BTLH,F,AHY,2005,6/12 3.9g E6,,,,,,,,,,,,,,,,,
5000-29421,08/12/03,MCGC,BTLH,F,AHY,2005,,,,,,,,,,,,,,,,,,"Betts' residence, Devils Gulch Rd, found dead on 4 Aug 05"
4000-47660,08/17/03,MP1,BTLH,F,AHY,2005,5/25 4.0g E6,6/1 3.6g,6/4 3.8g E6,6/5 3.4g,,,,,,,,,,,,,,
4000-47664,08/17/03,MP1,BTLH,F,AHY,2005,5/24 3.4g,6/2 3.3g,,,,,,,,,,,,,,,,
4000-47673,08/18/03,MCGC,BTLH,M,HY,2005,5/14 3.2g,,,,,,,,,,,,,,,,,
4000-47686,08/18/03,MP1,BTLH,F,AHY,2005,5/24 3.2g,6/29 3.4g,,,,,,,,,,,,,,,,
4000-47688,08/18/03,MP1,BTLH,F,AHY,2005,6/11 3.7g E7,6/13 3.6g,,,,,,,,,,,,,,,,
4000-47693,08/18/03,MP1,BTLH,F,HY,2005,6/12 3.9g E6,,,,,,,,,,,,,,,,,
4000-47761,05/09/04,MCGC,BTLH,M,AHY,2005,7/21 3.7g,,,,,,,,,,,,,,,,,
4000-47771,05/10/04,MCGC,BTLH,M,AHY,2005,5/17 3.8g,,,,,,,,,,,,,,,,,
4000-47788,06/10/04,MCGC,BTLH,F,AHY,2005,6/19 3.5g,6/21 3.6g,,,,,,,,,,,,,,,,
4000-47789,06/10/04,MCGC,BTLH,F,AHY,2005,7/27 3.9g,,,,,,,,,,,,,,,,,
4000-47790,06/10/04,MCGC,BTLH,F,AHY,2005,7/10 3.5g,7/11 3.5g,,,,,,,,,,,,,,,,
4000-47792,06/11/04,MCGC,BTLH,F,AHY,2005,5/14 3.4g,,,,,,,,,,,,,,,,,
4000-47798,06/12/04,MCGC,BTLH,M,AHY,2005,5/14 3.3g,,,,,,,,,,,,,,,,,
5000-29451,06/14/04,MCGC,BTLH,F,AHY,2005,6/12 3.2g,6/13 3.5g,,,,,,,,,,,,,,,,
5000-29455,06/14/04,MCGC,BTLH,M,AHY,2005,5/15 3.3g 2x,5/16 3.0g,,,,,,,,,,,,,,,,
5000-29456,06/14/04,MCGC,BTLH,F,AHY,2005,6/12 3.7g,,,,,,,,,,,,,,,,,
5000-29471,06/16/04,MCGC,BTLH,M,AHY,2005,5/16 3.1g,,,,,,,,,,,,,,,,,
5000-29473,06/16/04,MCGC,BTLH,M,AHY,2005,5/14 3.2g,5/15 3.2g 3x,5/16 3.1g 2x,5/17 3.3g 2x,5/18 3.3g 2x,5/19 3.2g 3x,6/13 3.3g,,,,,,,,,,,
5000-29475,06/16/04,MCGC,BTLH,F,AHY,2005,6/13 3.4g,6/18 3.2g,6/19 3.1g,6/21 3.1g,7/18 3.5g,,,,,,,,,,,,,"Jul, NTW"
5000-29476,06/16/04,MCGC,BTLH,F,AHY,2005,5/18 3.5g,,,,,,,,,,,,,,,,,
5000-29478,06/16/04,MCGC,BTLH,F,AHY,2005,8/13 3.8g,,,,,,,,,,,,,,,,,"Aug, HTW"
5000-29482,06/18/04,MCGC,BTLH,F,AHY,2005,5/17 3.6g,5/18 3.3g,6/13 3.8g,6/19 3.2g,,,,,,,,,,,,,,
5000-29483,06/18/04,MCGC,BTLH,F,AHY,2005,5/17 3.3g,,,,,,,,,,,,,,,,,
5000-29486,06/18/04,MCGC,BTLH,F,AHY,2005,5/13 3.5g,5/16 3.6g E6,6/05 3.6g,6-12 3.6g,6/18 3.5g,,,,,,,,,,,,,
5000-29496,06/25/04,KV1,BTLH,F,AHY,2005,6/27 3.5g,,,,,,,,,,,,,,,,,
5000-29497,06/25/04,KV1,BTLH,M,AHY,2005,6/27 3.5g,,,,,,,,,,,,,,,,,
5000-29523,06/25/04,GNMTN,BTLH,F,AHY,2005,7/1 3.7g,,,,,,,,,,,,,,,,,
5000-29526,06/26/04,MCGC,BTLH,F,AHY,2005,6/18 3.4g,6/27 3.4g,,,,,,,,,,,,,,,,
5000-29529,06/27/04,MCGC,BTLH,M,AHY,2005,5/13 3.2g,5/14 3.2g,5/15 3.1g,5/16 3.1g,5/17 3.0g,,,,,,,,,,,,,
5000-29532,06/30/04,MCGC,BTLH,F,AHY,2005,6/10 3.9g,6/13 3.4g,6/21 3.6g,7/12 3.5g,7/26 3.7g,8/2 3.3g,8/9 3.4g,,,,,,,,,,,"Aug, HTW"
5000-29546,07/06/04,GNMTN,BTLH,F,AHY,2005,7/28 n.w.,,,,,,,,,,,,,,,,,
5000-29551,07/06/04,GNMTN,BTLH,F,AHY,2005,7/9 3.7g E7,,,,,,,,,,,,,,,,,
5000-29552,07/06/04,GNMTN,BTLH,F,AHY,2005,7/1 3.3g,7/9 3.2g,,,,,,,,,,,,,,,,
5000-29561,07/06/04,KV1,BTLH,F,AHY,2005,7/1 3.5g,,,,,,,,,,,,,,,,,
5000-29568,07/09/04,MCGC,BTLH,F,AHY,2005,5/16 3.6 E6-,7/14 3.9,,,,,,,,,,,,,,,,"Jul, HTW"
5000-29574,07/09/04,MCGC,BTLH,M,AHY,2005,5/23 3.4g at CC3,5/26 3.3g at CC3,,,,,,,,,,,,,,,,
5000-29575,07/10/04,MCGC,BTLH,M,AHY,2005,5/13 3.3g,5/15 3.2g,5/16 3.1g,,,,,,,,,,,,,,,
5000-29593,07/12/04,MCGC,BTLH,F,AHY,2005,5/16 3.7 E7,,,,,,,,,,,,,,,,,
5000-29594,07/12/04,CC2,BTLH,F,AHY,2005,6/19 3.6g,,,,,,,,,,,,,,,,,
5000-29606,07/13/04,KV1,BTLH,F,AHY,2005,6/27 3.5g,,,,,,,,,,,,,,,,,
5000-29609,07/13/04,GNMTN,BTLH,F,AHY,2005,6/27 3.4g,,,,,,,,,,,,,,,,,
5000-29616,07/13/04,MCGC,BTLH,M,AHY,2005,6/12 3.7g,6/13 3.3g,7/9 3.5g,,,,,,,,,,,,,,,
5000-29619,07/14/04,MCGC,BTLH,F,AHY,2005,6/10 3.6g 2x,6/11 3.2g,6/12 3.3g 2x,6/13 3.2g,6/14 3.3g,6/29 3.5g,,,,,,,,,,,,
5000-29622,07/14/04,MCGC,BTLH,F,AHY,2005,6/27 3.3g,,,,,,,,,,,,,,,,,
5000-29635,07/15/04,MCGC,BTLH,M,AHY,2005,5/18 3.4g,6/13 3.4g,7/14 3.6g,,,,,,,,,,,,,,,
5000-29641,07/15/04,MCGC,BTLH,F,AHY,2005,6/29 3.4g,6/30 3.2g,7/7 3.4g 2x,7/8 3.1g,7/10 3.1 4x,7/11 3.2 3x,7/12 3.1g,7/13 2.9g,7/14 3.5g,,,,,,,,,
5000-29643,07/15/04,MCGC,BTLH,F,AHY,2005,6/05 3.6g E6,6/6 3.0g,6/10 3.0g 2x,6/19 4.0g E8,,,,,,,,,,,,,,
5000-29645,07/16/04,MCGC,BTLH,M,AHY,2005,5/14 3.1g,,,,,,,,,,,,,,,,,
5000-29660,07/19/04,MCGC,BTLH,M,AHY,2005,5/15 3.3g,,,,,,,,,,,,,,,,,
5000-29675,07/18/04,GNMTN,BTLH,F,AHY,2005,7/28 3.9g,,,,,,,,,,,,,,,,,
5000-29676,07/18/04,GNMTN,BTLH,F,AHY,2005,7/20 4.0g,,,,,,,,,,,,,,,,,"Jul, r3 LtTW"
5000-29678,07/19/04,MCGC,BTLH,F,AHY,2005,7/3 3.3,,,,,,,,,,,,,,,,,
5000-29681,07/19/04,MCGC,BTLH,F,AHY,2005,7/21 3.4g,,,,,,,,,,,,,,,,,
5000-96628,07/22/04,KV1,BTLH,F,AHY,2005,7/9 3.5g,,,,,,,,,,,,,,,,,"Jul, NTW"
5000-96640,07/24/04,MCGC,BTLH,F,AHY,2005,5/16 3.6g E6,6/10 3.4g,6/11 3.4g,,,,,,,,,,,,,,,
5000-96645,07/25/04,CC2,BTLH,F,AHY,2005,8/19 3.6g at MCGC,,,,,,,,,,,,,,,,,
5000-96648,07/25/04,MCGC,BTLH,F,AHY,2005,7/9 3.6g,7/14 3.9g,,,,,,,,,,,,,,,,"Jul, NTW"
5000-96650,07/25/04,MCGC,BTLH,F,AHY,2005,6/13 3.6g E6,7/10 3.4g,7/31 3.8g,8/1 3.4g,,,,,,,,,,,,,,"Jul, HTW"
5000-96661,07/26/04,MCGC,BTLH,F,AHY,2005,6/13 3.3g,,,,,,,,,,,,,,,,,
5000-96664,07/26/04,MCGC,BTLH,F,AHY,2005,7/18 3.8g,7/25 3.6g,7/27 3.2g,,,,,,,,,,,,,,,"Jul, HTW"
5000-96671,07/26/04,MP1,BTLH,F,AHY,2005,6/13 3.6 E6,,,,,,,,,,,,,,,,,
5000-96672,07/26/04,MP1,BTLH,F,AHY,2005,6/2 3.5g,6/3 3.2g,8/18 3.3g,,,,,,,,,,,,,,,
5000-96673,07/26/04,MP1,BTLH,F,AHY,2005,5/31 3.3g,6/2 3.3g,6/5 3.2g,,,,,,,,,,,,,,,
5000-96674,07/26/04,MP1,BTLH,M,AHY,2005,6/25 3.3g,,,,,,,,,,,,,,,,,
5000-96675,07/26/04,MP1,BTLH,F,AHY,2005,6/1 3.8g,,,,,,,,,,,,,,,,,
5000-96676,07/26/04,MP1,BTLH,F,AHY,2005,5/18 3.6g,6/02 3.2g,6/5 3.8g E6,,,,,,,,,,,,,,,
5000-96678,07/26/04,MP1,BTLH,F,AHY,2005,6/2 3.8g E8,,,,,,,,,,,,,,,,,
5000-96679,07/26/04,MP1,BTLH,F,AHY,2005,6/11 3.7g,,,,,,,,,,,,,,,,,
5000-96680,07/26/04,MP1,BTLH,F,AHY,2005,5/25 4.0g E7,6/13 3.7g,6/18 3.6g,,,,,,,,,,,,,,,
5000-96683,07/26/04,MP1,BTLH,F,AHY,2005,6/5 4.6g E9,7/7 3.9g E7,,,,,,,,,,,,,,,,
5000-96684,07/26/04,MP1,BTLH,F,AHY,2005,6/5 3.5g,8/25 3.6g,,,,,,,,,,,,,,,,"Aug, LtTW"
5000-96685,07/26/04,MP1,BTLH,F,AHY,2005,6/25 3.7g,,,,,,,,,,,,,,,,,
5000-96694,07/27/04,MCGC,BTLH,F,HY,2005,5/23 3.3g,,,,,,,,,,,,,,,,,
5000-96731,08/06/04,MP1,BTLH,F,AHY,2005,5/25 3.9g E8,6/2 3.4g,6/3 3.2g,8/25 3.5g,,,,,,,,,,,,,,"Aug, LtTW"
5000-96732,08/06/04,MP1,BTLH,F,AHY,2005,5/31 3.5g E6,6/05 3.4 2x,6/11 3.2g 2x,,,,,,,,,,,,,,,
5000-96737,08/06/04,MP1,BTLH,F,AHY,2005,5/31 3.5g,6/01 3.3g,6/3 3.5g,6/5 3.5g E6 2x,6/13 3.4g,8/29 3.7g,,,,,,,,,,,,
5000-96743,08/06/04,MP1,BTLH,F,AHY,2005,7/11 3.5g,,,,,,,,,,,,,,,,,
5000-96745,08/06/04,MP1,BTLH,F,AHY,2005,8/19 3.6g,,,,,,,,,,,,,,,,,"Aug, LtTW"
5000-96752,08/07/04,MCGC,BTLH,F,HY,2005,5/15 3.7g,7/18 3.7g,7/25 3.4g,7/27 3.2g,8/6 n.w.,,,,,,,,,,,,,
5000-96760,08/07/04,MP1,BTLH,F,AHY,2005,6/11 4.2g E6,,,,,,,,,,,,,,,,,
5000-96768,08/07/04,MP1,BTLH,F,AHY,2005,5/24 3.9g E8,,,,,,,,,,,,,,,,,
5000-96772,08/07/04,MP1,BTLH,F,AHY,2005,6/11 3.6g E6,6/12 3.5g,,,,,,,,,,,,,,,,
5000-96786,08/09/04,MCGC,BTLH,F,HY,2005,7/12 3.4g,,,,,,,,,,,,,,,,,
5000-96790,08/10/04,MCGC,BTLH,M,HY,2005,5/13 3.9g,,,,,,,,,,,,,,,,,
5000-96800,08/13/04,MP1,BTLH,F,AHY,2005,6/12 3.5g,,,,,,,,,,,,,,,,,
5000-96806,08/11/04,MP1,BTLH,F,AHY,2005,5/31 3.6g E6,6/5 3.6g,,,,,,,,,,,,,,,,
5000-96808,08/11/04,MP1,BTLH,F,AHY,2005,5/31 3.5g,,,,,,,,,,,,,,,,,
5000-96811,08/11/04,MP1,BTLH,F,AHY,2005,7/7 4.3g E8,,,,,,,,,,,,,,,,,
5000-96812,08/11/04,MP1,BTLH,M,HY,2005,6/2 3.1g,,,,,,,,,,,,,,,,,
5000-96819,08/11/04,MP1,BTLH,F,AHY,2005,6/29 3.3g,,,,,,,,,,,,,,,,,
5000-96821,08/11/04,MP1,BTLH,F,AHY,2005,6/5 3.4g E6,,,,,,,,,,,,,,,,,
5000-96822,08/11/04,MP1,BTLH,F,AHY,2005,5/24 3.4g,6/3 3.5g,6/5 3.5g,,,,,,,,,,,,,,,
5000-96824,08/12/04,GNMTN,BTLH,F,AHY,2005,7/9 3.7g,,,,,,,,,,,,,,,,,
5000-96831,08/13/04,MCGC,BTLH,M,HY,2005,5/14 3.5g,5/15 3.3g 4x,5/16 3.3g 5x,5/17 3.3g 2x,5/18 3.2g,5/19 3.2g 3x,6/10 3.2g,6/13 3.3g,,,,,,,,,,
5000-96832,08/13/04,MCGC,BTLH,F,HY,2005,7/22 4.0g,7/26 3.6g,,,,,,,,,,,,,,,,
5000-96834,08/13/04,MCGC,BTLH,F,AHY,2005,6/13 3.7g E6,,,,,,,,,,,,,,,,,
5000-96835,08/13/04,MCGC,BTLH,F,AHY,2005,7/10 3.4g,,,,,,,,,,,,,,,,,"Jul, HTW"
5000-96845,08/13/04,MP1,BTLH,F,AHY,2005,6/25 3.4g,,,,,,,,,,,,,,,,,
5000-96847,08/13/04,MP1,BTLH,F,AHY,2005,5/23 3.6g,5/31 3.3g,6/5 3.5g E6,,,,,,,,,,,,,,,
5000-96848,08/13/04,MP1,BTLH,F,AHY,2005,7/11 3.5g,,,,,,,,,,,,,,,,,
5000-96850,08/13/04,MP1,BTLH,F,AHY,2005,6/3 3.5g,6/5 3.9g E6,,,,,,,,,,,,,,,,
5000-96851,08/14/04,MCGC,BTLH,F,AHY,2005,7/12 3.6g,,,,,,,,,,,,,,,,,
5000-96852,08/14/04,MCGC,BTLH,M,HY,2005,7/7 3.2g,7/10 3.2g,,,,,,,,,,,,,,,,
5000-96861,08/14/04,MP1,BTLH,F,AHY,2005,7/7 3.6g,,,,,,,,,,,,,,,,,
5000-96863,08/14/04,MP1,BTLH,F,AHY,2005,7/27 3.2g,,,,,,,,,,,,,,,,,
5000-96872,08/14/04,MP1,BTLH,F,AHY,2005,7/7 3.5g,,,,,,,,,,,,,,,,,
5000-96873,08/14/04,MP1,BTLH,F,AHY,2005,8/8 3.8g,8/26 3.4g,,,,,,,,,,,,,,,,
5000-96877,08/14/04,MP1,BTLH,F,AHY,2005,6/4 3.1g,,,,,,,,,,,,,,,,,
5000-96912,08/20/04,MP1,BTLH,F,AHY,2005,6/25 3.8g E8,6/29 3.9g E8,,,,,,,,,,,,,,,,
5000-96917,08/20/04,MP1,BTLH,F,AHY,2005,6/19 3.5g,,,,,,,,,,,,,,,,,was band lost
5000-96919,08/20/04,MP1,BTLH,F,AHY,2005,6/12 3.2g 2x,6/25 3.4g,,,,,,,,,,,,,,,,
5000-96922,08/20/04,MP1,BTLH,F,AHY,2005,6/5 3.4g E6,,,,,,,,,,,,,,,,,
5000-96930,08/21/04,MP1,BTLH,F,AHY,2005,5/25 3.4g,6/2 3.1g E6-,,,,,,,,,,,,,,,,
5000-96940,08/21/04,MP1,BTLH,F,AHY,2005,5/18 3.6g,5/31 3.4g,6/3 3.3g,6/5 3.3g,6/12 3.4g,,,,,,,,,,,,,
5000-96942,08/21/04,MP1,BTLH,F,AHY,2005,5/24 3.5g,5/31 3.3g,6/4 3.4g,,,,,,,,,,,,,,,
5000-96946,08/21/04,MP1,BTLH,F,HY,2005,6/5 3.4g E8,6/12 3.7g E6,6/18 3.2g,6/25 3.2g,,,,,,,,,,,,,,
5000-96947,08/21/04,MP1,BTLH,F,AHY,2005,5/25 4.4g E8,,,,,,,,,,,,,,,,,
5000-96948,08/21/04,MP1,BTLH,F,AHY,2005,7/7 3.6g E7,,,,,,,,,,,,,,,,,
5000-96951,08/21/04,MP1,BTLH,F,AHY,2005,8/17 3.9g,,,,,,,,,,,,,,,,,"Aug, LtTW"
5000-96961,08/22/04,MCGC,BTLH,M,HY,2005,6/10 3.4g 2x,6/12 3.3g,,,,,,,,,,,,,,,,
5000-96966,08/22/04,GNMTN,BTLH,M,AHY,2005,7/1 3.1g,,,,,,,,,,,,,,,,,
5000-96968,08/23/04,MCGC,BTLH,M,HY,2005,6/6 3.1g 2x,,,,,,,,,,,,,,,,,
5000-96977,08/24/04,MP1,BTLH,F,AHY,2005,5/31 3.5g E7,,,,,,,,,,,,,,,,,
5000-96980,08/24/04,MP1,BTLH,F,AHY,2005,6/12 3.7g,,,,,,,,,,,,,,,,,
5000-96986,08/25/04,MP1,BTLH,F,HY,2005,6/11 3.7g,8/6 4.0g,,,,,,,,,,,,,,,,"Aug, HTW"
5000-96989,08/25/04,MP1,BTLH,F,AHY,2005,6/2 3.7g E6,,,,,,,,,,,,,,,,,
5000-96997,08/29/04,MP1,BTLH,F,AHY,2005,6/2 3.6g,,,,,,,,,,,,,,,,,
5000-97012,08/31/04,MP1,BTLH,F,HY,2005,6/5 3.7g E7+,,,,,,,,,,,,,,,,,
5000-97024,09/03/04,MP1,BTLH,F,HY,2005,6/11 3.8g,,,,,,,,,,,,,,,,,
5000-97036,09/06/04,MP1,BTLH,F,HY,2005,8/13 3.7g,,,,,,,,,,,,,,,,,
4000-01786,07/11/05,MP1,BTLH,F,AHY,2005,"4.0g, LtTW r5r",,,,,,,,,,,,,,,,,
5000-02820,06/01/05,MP1,BTLH,F,AHY,2005,6/5 3.6g,6/11 3.7g,7/17 4.3g E7,,,,,,,,,,,,,,,
5000-97060,05/14/05,MCGC,BTLH,F,AHY,2005,5/14 n.w.,,,,,,,,,,,,,,,,,
5000-97062,05/14/05,MCGC,BTLH,F,AHY,2005,7/253.6g,7/29 3.4g,,,,,,,,,,,,,,,,
5000-97064,05/14/05,MCGC,BTLH,F,AHY,2005,5/16 3.9g E7,,,,,,,,,,,,,,,,,
5000-97065,05/14/05,MCGC,BTLH,M,AHY,2005,5/16 3.1g 4x,5/17 3.4g,6/18 3.2g,,,,,,,,,,,,,,,
5000-97066,05/14/05,MCGC,BTLH,M,AHY,2005,5/15 3.3g 2x,5/16 3.2g 4x,5/18 3.4g,,,,,,,,,,,,,,,
5000-97067,05/14/05,MCGC,BTLH,M,AHY,2005,5/15 3.5g 2x,5/16 3.4g 2x,5/17 3.4g,,,,,,,,,,,,,,,
5000-97068,05/14/05,MCGC,BTLH,M,AHY,2005,5/15 3.3g,,,,,,,,,,,,,,,,,
5000-97070,05/15/05,MCGC,BTLH,M,AHY,2005,5/16 3.1g 4x,,,,,,,,,,,,,,,,,
5000-97072,05/15/05,MCGC,BTLH,M,AHY,2005,5/16 3.2g 3x,5/17 3.3g,5/17 3.4g,5/18 3.4g,5/19 3.3g 3x,6/13 3.3g,,,,,,,,,,,,
5000-97076,05/16/05,MCGC,BTLH,M,AHY,2005,5/16 3.3g,,,,,,,,,,,,,,,,,
5000-97081,05/16/05,MCGC,BTLH,F,AHY,2005,6/25 at CC2,,,,,,,,,,,,,,,,,
5000-97083,05/17/05,MCGC,BTLH,M,AHY,2005,5/17 3.6g,,,,,,,,,,,,,,,,,
5000-97086,05/17/05,MCGC,BTLH,M,AHY,2005,5/19 3.2g,,,,,,,,,,,,,,,,,
5000-97087,05/17/05,MCGC,BTLH,M,AHY,2005,5/19 3.3g,,,,,,,,,,,,,,,,,
5000-97088,05/18/05,MP1,BTLH,F,AHY,2005,6/3 3.6g,6/5 3.6g,"4.2g skel r1, HTW",,,,,,,,,,,,,,,
5000-97089,05/18/05,MP1,BTLH,F,AHY,2005,"6/3, 3.3g",,,,,,,,,,,,,,,,,
5000-97090,05/18/05,MP1,BTLH,F,AHY,2005,5/31 3.8g E8,,,,,,,,,,,,,,,,,
5000-97092,05/18/05,MP1,BTLH,M,AHY,2005,5/24 3.3g,6/2 3.3g,,,,,,,,,,,,,,,,
5000-97094,05/18/05,MP1,BTLH,F,AHY,2005,5/26 3.1g,,,,,,,,,,,,,,,,,
5000-97095,05/18/05,MP1,BTLH,F,AHY,2005,5/23 3.5g,6/2 3.9g,6/4 3.1g,,,,,,,,,,,,,,,
5000-97096,05/18/05,MP1,BTLH,F,AHY,2005,6/2 3.4g,6/4 3.2g,,,,,,,,,,,,,,,,
5000-97099,05/18/05,MP1,BTLH,F,AHY,2005,5/31 3.5g,6/11 3.1g,8/25 3.4g HTW,,,,,,,,,,,,,,,
6000-23402,05/18/05,MP1,BTLH,F,AHY,2005,5/31 3.4g r4LtT,6/12 3.4g,,,,,,,,,,,,,,,,g E7 spider web on toes
6000-23405,05/19/05,MCGC,BTLH,M,AHY,2005,5/19 nw,6/12 3.4g,,,,,,,,,,,,,,,,
6000-23408,05/24/05,MP1,BTLH,F,AHY,2005,5/31 3.8g r3-5 HT,6/3 3.6g,,,,,,,,,,,,,,,,
6000-23409,05/24/05,MP1,BTLH,F,AHY,2005,6/5 3.3g,,,,,,,,,,,,,,,,,
6000-23415,05/24/05,MP1,BTLH,F,AHY,2005,6/3 3.3g,6/4 3.6g E6,,,,,,,,,,,,,,,,
6000-23416,05/24/05,MP1,BTLH,F,AHY,2005,6/4 3.2g E6-,,,,,,,,,,,,,,,,,
6000-23417,05/24/05,MP1,BTLH,F,AHY,2005,6/12 3.8g,,,,,,,,,,,,,,,,,
6000-23420,05/25/05,MP1,BTLH,F,AHY,2005,6/5 3.2g 2x,6/12 3.5g,,,,,,,,,,,,,,,,
6000-23425,05/24/05,MCGC,BTLH,M,AHY,2005,7/29 3.8g,,,,,,,,,,,,,,,,,
6000-23427,05/24/05,MP1,BTLH,M,AHY,2005,5/25 3.4g,5/26 3.1g,5/31 3.2g,6/2 3.1g,6/3 3.1g,6/5 3.0g,,,,,,,,,,,,
6000-23428,05/26/05,MP1,BTLH,M,AHY,2005,6/5 3.2g,,,,,,,,,,,,,,,,,
6000-23430,05/26/05,MP1,BTLH,M,AHY,2005,5/31 3.2g,6/2 3.2g,6/5 3.1g,,,,,,,,,,,,,,,
6000-23431,05/25/05,MP1,BTLH,F,AHY,2005,6/1 3.6g,6/2 3.5g,6/5 3.3g,,,,,,,,,,,,,,,
6000-23434,05/25/05,MP1,BTLH,F,AHY,2005,6/2 3.6g,,,,,,,,,,,,,,,,,
6000-23437,06/01/05,MP1,BTLH,M,AHY,2005,6/3 3.3g,,,,,,,,,,,,,,,,,
6000-23438,06/02/05,MP1,BTLH,M,AHY,2005,6/5 3.2g,,,,,,,,,,,,,,,,,
6000-23444,05/26/05,MP1,BTLH,F,AHY,2005,6/2 3.4g,6/5 3.2g,,,,,,,,,,,,,,,,
6000-23445,05/26/05,MP1,BTLH,F,AHY,2005,6/12 3.7g E6,,,,,,,,,,,,,,,,,
6000-23446,05/26/05,MP1,BTLH,F,AHY,2005,6/3 3.6g E6+,6/4 3.3g,6/5 3.4g 2x,6/12 3.6g,6/26 3.5g,,,,,,,,,,,,,
6000-23448,05/26/05,MP1,BTLH,F,AHY,2005,6/3 3.0g,,,,,,,,,,,,,,,,,
6000-23450,05/31/05,MCGC,BTLH,F,AHY,2005,6/2 3.4g,6/4 3.6g E6,6/10 3.6g 2x,6/11 3.3g,6/12 3.8g E7,6/13 3.3g 3x,6/18 3.2g,6/19 3.3g,,,,,,,,,,
6000-23458,06/12/05,MCGC,BTLH,M,AHY,2005,6/12 3.2g,,,,,,,,,,,,,,,,,
6000-23460,06/12/05,MCGC,BTLH,M,AHY,2005,7/23 3.5g,,,,,,,,,,,,,,,,,
6000-23461,05/31/05,MP1,BTLH,F,AHY,2005,6/4 3.6g E6,,,,,,,,,,,,,,,,,
6000-23464,05/31/05,MP1,BTLH,F,AHY,2005,6/1 3.4g,6/2 3.7g,6/4 3.2g E7,6/13 3.9g,,,,,,,,,,,,,,
6000-23465,05/31/05,MP1,BTLH,F,AHY,2005,6/4 3.1g,,,,,,,,,,,,,,,,,
6000-23468,05/31/05,MP1,BTLH,F,AHY,2005,7/17 3.2g,,,,,,,,,,,,,,,,,
6000-23469,05/31/05,MP1,BTLH,F,AHY,2005,6/1 3.7g,6/2 3.6g,6/3 3.3g 2x,6/4 3.5g,6/12 3.7g,,,,,,,,,,,,,
6000-23470,05/31/05,MP1,BTLH,F,AHY,2005,6/4 3.6g E6,,,,,,,,,,,,,,,,,
6000-23472,05/31/05,MP1,BTLH,F,AHY,2005,6/3 3.5g,6/5 3.1g,8/26 3.8g,,,,,,,,,,,,,,,
6000-23474,05/31/05,MCGC,BTLH,F,AHY,2005,6/10 4.7g E8,6/11 3.7g E6,6/13 3.7g 4x,6/18 3.3g,6/19 3.4g,6/21 3.4g,,,,,,,,,,,,
6000-23477,06/01/05,MP1,BTLH,F,AHY,2005,6/3 3.6g E6,6/5 3.5g,6/12 3.5g E6,8/25 3.4g MTW,,,,,,,,,,,,,,
6000-23478,06/01/05,MP1,BTLH,F,AHY,2005,6/11 3.4g,,,,,,,,,,,,,,,,,
6000-23479,06/01/05,MP1,BTLH,F,AHY,2005,6/3 3.4g,6/5 3.3g,,,,,,,,,,,,,,,,
6000-23481,06/01/05,MP1,BTLH,F,AHY,2005,8/1 3.3g,,,,,,,,,,,,,,,,,
6000-23482,06/01/05,MP1,BTLH,F,AHY,2005,6/3 3.4g,6/4 3.4g E6 2x,6/5 3.2g,6/11 3.3g,6/13 3.7g E6,,,,,,,,,,,,,
6000-23484,06/01/05,MP1,BTLH,F,AHY,2005,6/19 3.6g,,,,,,,,,,,,,,,,,
6000-23485,06/01/05,MP1,BTLH,F,AHY,2005,6/3 3.7g,6/4 3.4g E6 2x,6/5 3.6g,,,,,,,,,,,,,,,
6000-23486,06/01/05,MP1,BTLH,F,AHY,2005,6/28 3.5g,,,,,,,,,,,,,,,,,
6000-23487,06/01/05,MP1,BTLH,F,AHY,2005,6/19 3.6g,,,,,,,,,,,,,,,,,
6000-23489,06/01/05,MP1,BTLH,F,AHY,2005,6/5 3.6g,,,,,,,,,,,,,,,,,
6000-23491,06/02/05,MCGC,BTLH,F,AHY,2005,6/2 nw,6/3 4.4g E7,6/4 4.3g 2x,6/5 4.0g,6/10 E9 2x,6/11 4.7g E9+,6/12 4.3g E9,6/13 4.5g E9,,,,,,,,,,
6000-23496,06/03/05,MCGC,BTLH,F,AHY,2005,6/3 3.5g,,,,,,,,,,,,,,,,,
6000-23500,06/03/05,MP1,BTLH,F,AHY,2005,6/5 3.4g E6,,,,,,,,,,,,,,,,,
6000-23503,06/04/05,MP1,BTLH,F,AHY,2005,6/5 nw,,,,,,,,,,,,,,,,,
6000-23504,06/04/05,MP1,BTLH,F,AHY,2005,6/26 3.7g E6-,,,,,,,,,,,,,,,,,
6000-23506,06/04/05,MP1,BTLH,F,AHY,2005,"7/25 4.0g HTW, at MCGC",,,,,,,,,,,,,,,,,
6000-23507,06/04/05,MP1,BTLH,F,AHY,2005,6/5 3.4g,,,,,,,,,,,,,,,,,
6000-23509,06/05/05,MP1,BTLH,F,AHY,2005,7/11 3.6g HTW,,,,,,,,,,,,,,,,,
6000-23510,06/05/05,MP1,BTLH,F,AHY,2005,6/5 3.0g,,,,,,,,,,,,,,,,,
6000-23513,06/05/05,MP1,BTLH,F,AHY,2005,6/12 3.7g,,,,,,,,,,,,,,,,,
6000-23516,06/10/05,MCGC,BTLH,F,AHY,2005,6/11 3.6g,,,,,,,,,,,,,,,,,
6000-23517,06/10/05,MCGC,BTLH,F,AHY,2005,6/10 3.8g,6/12 3.5g 2x,6/13 3.4g,6/18 3.3g,6/14 3.2g,,,,,,,,,,,,,
6000-23518,06/10/05,MCGC,BTLH,F,AHY,2005,6/11 3.4g,,,,,,,,,,,,,,,,,
6000-23519,06/10/05,MCGC,BTLH,F,AHY,2005,6/12 3.6g E6,6/13 3.5g E6,7/14 3.9g,,,,,,,,,,,,,,,
6000-23521,06/10/05,MCGC,BTLH,F,AHY,2005,6/11 3.3g,6/12 3.7g,6/13 3.4g,,,,,,,,,,,,,,,
6000-23522,06/11/05,MCGC,BTLH,F,AHY,2005,6/12 nw E6,6/13 3.4g,6/21 3.4g,7/3 3.4g,,,,,,,,,,,,,,
6000-23523,06/11/05,MCGC,BTLH,F,AHY,2005,6/12 3.6g E8,,,,,,,,,,,,,,,,,
6000-23525,06/11/05,MP1,BTLH,F,AHY,2005,6/29 3.6 E6,,,,,,,,,,,,,,,,,
6000-23528,06/11/05,MP1,BTLH,F,AHY,2005,6/19 3.8g E6,,,,,,,,,,,,,,,,,
6000-23529,06/11/05,MP1,BTLH,F,AHY,2005,7/11 3.5g,,,,,,,,,,,,,,,,,
6000-23531,06/12/05,MP1,BTLH,F,AHY,2005,6/12 3.6g,7/11 3.6g,,,,,,,,,,,,,,,,
6000-23533,06/12/05,MP1,BTLH,F,AHY,2005,7/7 3.5g,,,,,,,,,,,,,,,,,
6000-23535,06/12/05,MP1,BTLH,F,AHY,2005,6/12 3.5g,,,,,,,,,,,,,,,,,
6000-23538,06/12/05,MCGC,BTLH,F,AHY,2005,6/13 3.5g,,,,,,,,,,,,,,,,,
6000-23539,06/13/05,MCGC,BTLH,F,AHY,2005,6/13 3.1g,,,,,,,,,,,,,,,,,
6000-23540,06/13/05,MCGC,BTLH,F,AHY,2005,6/14 4.0g E8,,,,,,,,,,,,,,,,,
6000-23545,06/14/05,MCGC,BTLH,M,AHY,2005,6/14 3.3g,,,,,,,,,,,,,,,,,
6000-23546,06/14/05,MCGC,BTLH,M,AHY,2005,7/10 3.3g,,,,,,,,,,,,,,,,,
6000-23547,06/18/05,MCGC,BTLH,M,AHY,2005,7/7 3.3g,,,,,,,,,,,,,,,,,
6000-23548,06/18/05,MP1,BTLH,M,AHY,2005,6/26 3.4g,,,,,,,,,,,,,,,,,
6000-23555,06/13/05,MP1,BTLH,F,AHY,2005,6/29 3.8g E9,,,,,,,,,,,,,,,,,
6000-23557,06/13/05,MP1,BTLH,F,AHY,2005,8/19 3.6g,,,,,,,,,,,,,,,,,
6000-23559,06/13/05,MP1,BTLH,F,AHY,2005,8/19 4.2g,,,,,,,,,,,,,,,,,
6000-23563,06/14/05,MCGC,BTLH,F,AHY,2005,7/8 3.6g HTW,,,,,,,,,,,,,,,,,
6000-23566,06/18/05,MCGC,BTLH,F,AHY,2005,6/21 3.4g,,,,,,,,,,,,,,,,,
6000-23568,06/18/05,MP1,BTLH,F,AHY,2005,6/19 3.4g E6,,,,,,,,,,,,,,,,,
6000-23577,06/19/05,MP1,BTLH,F,AHY,2005,7/7 3.4g,,,,,,,,,,,,,,,,,
6000-23578,06/19/05,MP1,BTLH,F,AHY,2005,8/1 3.4g,,,,,,,,,,,,,,,,,
6000-23583,06/19/05,MP1,BTLH,F,AHY,2005,6/29 3.4g E8,,,,,,,,,,,,,,,,,
6000-23594,06/25/05,MP1,BTLH,F,AHY,2005,8/13 3.7g,,,,,,,,,,,,,,,,,
6000-23604,06/27/05,GNMTN,BTLH,M,AHY,2005,7/1 3.2g,,,,,,,,,,,,,,,,,
6000-23631,06/27/05,KV1,BTLH,F,AHY,2005,7/1 3.5g,7/9 3.4g,,,,,,,,,,,,,,,,HTW r3R
6000-23633,06/27/05,KV1,BTLH,F,AHY,2005,7/1 3.4g,,,,,,,,,,,,,,,,,
6000-23639,06/27/05,GNMTN,BTLH,F,AHY,2005,8/15 3.8g,,,,,,,,,,,,,,,,,
6000-23640,06/27/05,GNMTN,BTLH,F,AHY,2005,7/9 3.4g,8/15 3.6g HTW,,,,,,,,,,,,,,,,
6000-23648,06/27/05,GNMTN,BTLH,F,AHY,2005,7/28 3.6g,,,,,,,,,,,,,,,,,
6000-23651,06/28/05,MCGC,BTLH,F,AHY,2005,7/19 3.7g,,,,,,,,,,,,,,,,,
6000-23652,06/28/05,MCGC,BTLH,F,AHY,2005,6/29 3.2g,,,,,,,,,,,,,,,,,
6000-23657,06/30/05,MCGC,BTLH,F,AHY,2005,7/10 3.4g,,,,,,,,,,,,,,,,,
6000-23660,07/01/05,HOLZ,BTLH,F,AHY,2005,8/9 3.5g,8/27 3.4g,,,,,,,,,,,,,,,,LtTW
6000-23665,07/01/05,KV1,BTLH,F,AHY,2005,7/9 3.4g NTW,,,,,,,,,,,,,,,,,
6000-23676,07/01/05,GNMTN,BTLH,F,AHY,2005,7/9 3.2g HTW,,,,,,,,,,,,,,,,,
6000-23679,07/07/05,MCGC,BTLH,F,AHY,2005,7/25 3.4g,,,,,,,,,,,,,,,,,
6000-23683,07/07/05,MP1,BTLH,F,AHY,2005,8/24 3.3g HTW,,,,,,,,,,,,,,,,,
6000-23707,07/07/05,MCGC,RUHU,M,AHY,2005,7/7 3.7g,,,,,,,,,,,,,,,,,
6000-23715,07/08/05,MCGC,BTLH,M,AHY,2005,7/11 3.5g,,,,,,,,,,,,,,,,,
6000-23724,07/09/05,GNMTN,BTLH,F,AHY,2005,7/9 4.2g E7/8,7/28 3.6g,,,,,,,,,,,,,,,,
6000-23726,07/12/05,MCGC,BTLH,F,AHY,2005,7/14 3.1g,,,,,,,,,,,,,,,,,
6000-23727,07/09/05,GNMTN,BTLH,F,AHY,2005,7/28 3.6g,,,,,,,,,,,,,,,,,
6000-23731,07/09/05,GNMTN,BTLH,F,AHY,2005,7/28 3.9g,8/27 4.1g,,,,,,,,,,,,,,,,
6000-23735,07/10/05,MCGC,CAHU,M,AHY,2005,7/10 2x,,,,,,,,,,,,,,,,,
6000-23736,07/10/05,MCGC,BTLH,F,AHY,2005,7/11 3.7g,7/12 3.3g 2x,,,,,,,,,,,,,,,,
6000-23737,07/10/05,MCGC,BTLH,F,AHY,2005,7/11 3.3g,7/12 3.8g,,,,,,,,,,,,,,,,
6000-23738,07/10/05,MCGC,BTLH,F,AHY,2005,7/12 3.3g,7/19 3.2g,7/22 3.3g,7/25 3.8g HTW,7/26 3.6g,7/31 3.4g,8/1 3.6g,,,,,,,,,,,
6000-23739,07/10/05,MCGC,BTLH,F,AHY,2005,7/11 3.1g,,,,,,,,,,,,,,,,,
6000-23741,07/10/05,MCGC,BTLH,F,AHY,2005,7/11 3.4g,7/14 4.1g,,,,,,,,,,,,,,,,
6000-23743,07/11/05,MCGC,BTLH,F,AHY,2005,7/12 3.4g,,,,,,,,,,,,,,,,,
6000-23745,07/11/05,MCGC,BTLH,F,AHY,2005,7/19 3.5g,7/21 4.1g,,,,,,,,,,,,,,,,
6000-23761,07/12/05,MCGC,BTLH,F,AHY,2005,7/13 3.4g,,,,,,,,,,,,,,,,,
6000-23762,07/12/05,MCGC,BTLH,F,AHY,2005,7/26 3.9g,,,,,,,,,,,,,,,,,
6000-23764,07/12/05,MCGC,BTLH,F,AHY,2005,7/18 3.2g,,,,,,,,,,,,,,,,,
6000-23768,07/12/05,MCGC,RUHU,F,AHY,2005,7/12 3.8g,,,,,,,,,,,,,,,,,
6000-23769,07/12/05,MCGC,BTLH,F,AHY,2005,7/13 3.5g,7/14 3.6g HTW,,,,,,,,,,,,,,,,
6000-23783,07/11/05,MCGC,BTLH,M,AHY,2005,7/12 3.6g,,,,,,,,,,,,,,,,,
6000-23791,07/13/05,MCGC,BTLH,F,AHY,2005,7/14 3.4g,,,,,,,,,,,,,,,,,
6000-23792,07/13/05,MCGC,BTLH,F,AHY,2005,7/27 3.7g,,,,,,,,,,,,,,,,,
6000-23795,07/13/05,MCGC,BTLH,F,AHY,2005,7/14 3.3g,,,,,,,,,,,,,,,,,
6000-23799,07/14/05,MCGC,BTLH,F,AHY,2005,7/21 3.6g,7/27 3.4g,,,,,,,,,,,,,,,,
6000-23800,07/14/05,MCGC,BTLH,F,AHY,2005,7/23 3.4g,7/25 3.9g 2x,,,,,,,,,,,,,,,,
6000-23804,07/14/05,MCGC,BTLH,F,AHY,2005,7/14 3.7g,7/18 4.0g,,,,,,,,,,,,,,,,
6000-23805,07/14/05,MCGC,BTLH,F,AHY,2005,7/27 3.4g,,,,,,,,,,,,,,,,,
6000-23806,07/14/05,MCGC,BTLH,F,AHY,2005,7/18 3.5g,7/23 3.3g HTW,7/25 3.9g,7/26 3.5g,7/273.7g 2x,7/29 nw,7/30 3.2g,,,,,,,,,,,
6000-23814,07/18/05,MCGC,BTLH,F,AHY,2005,7/18 3.5g,,,,,,,,,,,,,,,,,
6000-23815,07/18/05,MCGC,BTLH,F,AHY,2005,7/18 3.8g,,,,,,,,,,,,,,,,,
6000-23821,07/19/05,MCGC,BTLH,F,AHY,2005,7/21 3.8g,7/27 3.2g,,,,,,,,,,,,,,,,
6000-23826,07/19/05,MCGC,BTLH,F,AHY,2005,7/22 3.7g,,,,,,,,,,,,,,,,,
6000-23827,07/19/05,MCGC,BTLH,F,HY,2005,7/25 4.0g,7/26 3.8g,,,,,,,,,,,,,,,,
6000-23895,07/21/05,MCGC,BTLH,F,AHY,2005,7/26 3.8g,,,,,,,,,,,,,,,,,
6000-23897,07/22/05,MCGC,BTLH,F,AHY,2005,7/22 3.4g,7/25 3.4g,,,,,,,,,,,,,,,,
6000-23898,07/22/05,MCGC,BTLH,F,AHY,2005,7/222 3.7g,7/26 3.6g,7/30 3.7g,8/1 3.7g,8/2 3.2g,8/16 3.5g,,,,,,,,,,,,
6000-53504,07/23/05,MCGC,BTLH,F,AHY,2005,7/26 3.3g,7/27 3.7g,,,,,,,,,,,,,,,,
6000-53505,07/23/05,MCGC,BTLH,F,AHY,2005,7/27 3.4g,7/31 3.6g,,,,,,,,,,,,,,,,
6000-53506,07/23/05,MCGC,BTLH,F,AHY,2005,7/31 3.5g,,,,,,,,,,,,,,,,,
6000-53508,07/23/05,MCGC,BTLH,F,AHY,2005,7/25 4.3g,7/26 3.9g,,,,,,,,,,,,,,,,
6000-53509,07/23/05,MCGC,BTLH,F,AHY,2005,7/26 3.5g,7/27 3.3g,,,,,,,,,,,,,,,,
6000-53533,07/23/05,MCGC,BTLH,F,AHY,2005,8/1 3.5g,8/14 3.4g,,,,,,,,,,,,,,,,
6000-53537,07/23/05,MCGC,BTLH,F,AHY,2005,7/25 3.9g,,,,,,,,,,,,,,,,,
6000-53539,07/25/05,MCGC,BTLH,F,AHY,2005,7/25 3.5g,,,,,,,,,,,,,,,,,
6000-53545,07/25/05,MCGC,BTLH,F,AHY,2005,7/25 nw,7/26 3.6g 2x,8/11 3.5g,8/13 3.5g,,,,,,,,,,,,,,
6000-53548,07/25/05,MCGC,BTLH,F,HY,2005,7/27 3.4g,,,,,,,,,,,,,,,,,
6000-53560,07/27/05,MP1,RUHU,F,AHY,2005,7/27 nw,,,,,,,,,,,,,,,,,
6000-53567,07/29/05,MCGC,BTLH,M,HY,2005,7/29 nw,,,,,,,,,,,,,,,,,
6000-53572,07/25/05,MCGC,BTLH,F,AHY,2005,7/26 3.4g,,,,,,,,,,,,,,,,,
6000-53574,07/25/05,MCGC,BTLH,F,AHY,2005,7/27 3.7g,,,,,,,,,,,,,,,,,
6000-53575,07/25/05,MCGC,BTLH,F,AHY,2005,7/27 3.7g,,,,,,,,,,,,,,,,,
6000-53578,07/26/05,MCGC,BTLH,F,AHY,2005,7/27 3.5g,,,,,,,,,,,,,,,,,
6000-53581,07/26/05,MCGC,BTLH,F,AHY,2005,7/26 3.5g,,,,,,,,,,,,,,,,,
6000-53582,07/26/05,MCGC,BTLH,F,AHY,2005,7/27 3.2g,,,,,,,,,,,,,,,,,
6000-53583,07/26/05,MCGC,BTLH,F,AHY,2005,7/26 nw,7/27 3.1g,,,,,,,,,,,,,,,,
6000-53585,07/27/05,MCGC,BTLH,F,AHY,2005,7/31 3.6g,8/1 nw,,,,,,,,,,,,,,,,
6000-53589,07/27/05,MCGC,BTLH,F,AHY,2005,8/1 3.5g,8/2 3.2g,,,,,,,,,,,,,,,,
6000-53602,07/27/05,MP1,BTLH,F,AHY,2005,8/1 3.2g,,,,,,,,,,,,,,,,,
6000-53616,07/28/05,GNMTN,RUHU,M,AHY,2005,7/28 nw,,,,,,,,,,,,,,,,,
6000-53632,07/29/05,MCGC,BTLH,F,AHY,2005,7/29 nw,,,,,,,,,,,,,,,,,
6000-53634,07/29/05,MCGC,BTLH,F,AHY,2005,7/31 3.2g,8/1 3.5g,,,,,,,,,,,,,,,,
6000-53635,07/30/05,MCGC,CAHU,F,HY,2005,8/1 3.0g,,,,,,,,,,,,,,,,,
6000-53645,07/30/05,MP1,BTLH,F,AHY,2005,8/13 3.4g,,,,,,,,,,,,,,,,,
6000-53661,07/31/05,MCGC,BTLH,F,AHY,2005,7/31 nw,8/28 3.4g,,,,,,,,,,,,,,,,
6000-53664,07/31/05,MCGC,BTLH,F,AHY,2005,7/31 nw,,,,,,,,,,,,,,,,,
6000-53666,07/31/05,MCGC,BTLH,F,AHY,2005,8/18 3.4g,,,,,,,,,,,,,,,,,
6000-53668,07/31/05,MCGC,BTLH,F,AHY,2005,8/1 3.8g,8/17 3.3g,,,,,,,,,,,,,,,,
6000-53678,08/01/05,MCGC,BTLH,M,HY,2005,8/2 3.6g 3x,,,,,,,,,,,,,,,,,
6000-53716,08/02/05,MCGC,BTLH,F,AHY,2005,8/2 nw,,,,,,,,,,,,,,,,,
6000-53741,08/06/05,MCGC,RUHU,M,HY,2005,8/9 4.2g,,,,,,,,,,,,,,,,,
6000-53755,08/09/05,GNMTN,RUHU,F,AHY,2005,8/9 nw,,,,,,,,,,,,,,,,,
6000-53777,08/12/05,MCGC,BTLH,F,HY,2005,8/14 3.7g,,,,,,,,,,,,,,,,,
6000-53781,08/13/05,MCGC,BTLH,F,HY,2005,8/14 3.9g,8/15 3.4g,,,,,,,,,,,,,,,,
6000-53793,08/13/05,MCGC,RUHU,F,AHY,2005,8/13 nw,8/14 3.3g,,,,,,,,,,,,,,,,
6000-53901,08/25/05,MP1,BTLH,F,HY,2005,9/5 3.4g,,,,,,,,,,,,,,,,,
6000-53925,08/25/05,MP1,BTLH,M,HY,2005,8/25 nw,,,,,,,,,,,,,,,,,
6000-53938,08/27/05,GNMTN,BTLH,M,HY,2005,8/27 nw 2x,,,,,,,,,,,,,,,,,
6000-53955,09/06/05,GNMTN,BTLH,M,HY,2005,9/6 nw,,,,,,,,,,,,,,,,,
