Initials-Bdr,Location,year,mo,day,time,Band Status,Band Number,Tarsus / Condition,Band Size,Species,Sex,Age,Removed band num,GorColor,GorCount (%),Head GCnt (%),Grooves,Buffy,PriWidth / P10 Shape,Wng-TailTrait,TailCent,TailMid,TailOut,TailMeas (#),WingCd,Culmen,Pollen– Color,Fat,CPBreed,Gorget/head molt,Body Molt,Primary Molt,Secondary Molt,Tail Molt,Weight,Feather collected,Photo(s) taken,Sample Collected,Day Recap #,recap time 1,recap time 2,recap time 3,recap time 4,Comment
BJ,FH,2021,7,11,7:26,1,H89616,I,J,VCHU,U,1,,V,99,,0,N,,,,,,,52,21,N,0,2,F,F,F,F,F,5.7,,,,,,,,,MISSING R OUTER TOE ON R FOOT
BJ,FH,2021,10,3,7:23,1,H89617,I,J,VCHU,U,2,,V,,98,3,Y,,,,,,,57,21.9,N,1,2,1,1,F,3,F,6.2,,,,,,,,,
BJ,FH,2021,8,22,5:46,R,H89627,1,,VCHU,U,1,,V,99,,,,,,,,,,,,N,0,2,F,F,F,2,F,5.1,,,,,,,,,
BJ,FH,2021,7,11,6:10,R,J82447,1,,ANHU,F,1,,R,30,0,0,N,E,E,,,N,,50,,N,0,2,2,2,8,4,2,4,,,,,,,,,
BJ,FH,2021,5,16,9:09,R,J82471,1,,BCHU,F,1,,LS,,,0,N,U,E,,,P,,46,,YUL,,9,,,,,,4,,,,,,,,,FIDGETY RELEASED
BJ,FH,2021,7,11,6:01,R,J82858,1,,ANHU,M,1,,R,99,99,,,,,,,,,,,N,0,,1,1,0,3,2,4.7,,,,,,,,,
BJ,FH,2021,4,18,6:21,R,K39017,1,,RIHU,F,1,,,,,0,N,,,G,1X2,A,,68,29.4,N,0,8,F,F,F,F,L,7.5,,,,1,-,,,,
BJ,FH,2021,3,21,8:19,R,K39053,1,,ANHU,F,1,,R,40,0,0,N,E,R,,0,N,,,,N,0,2,F,1,F,F,F,,,,,,,,,,ESCAPED
BJ,FH,2021,5,16,6:22,R,K39055,1,,BBLH,M,1,,B,99,,,,,,,,,,50,21.2,N,0,,F,F,F,F,F,3.1,,,,,,,,,
BJ,FH,2021,3,21,7:23,R,K39057,1,,ANHU,M,1,,R,99,99,,,,,,,,,,,N,0,,F,F,F,F,F,4.5,,,,1,-,,,,
BJ,FH,2021,4,4,8:24,R,K39058,1,,ANHU,F,1,,R,15,,0,N,E,R,,0,N,5,,,N,,,,,,,,,,,,,,,,,ESCAPED
BJ,FH,2021,4,18,7:27,R,K39067,1,,BBLH,F,1,,,,,0,N,,,,,,,50,21.5,N,0,9,F,F,F,F,F,3.7,,,,,,,,,
BJ,FH,2021,5,16,6:42,R,K39068,1,,BBLH,F,1,,,,,0,N,,,,,,,51,20.8,YT,,9,F,F,F,F,M,3.4,,,,,,,,,
BJ,FH,2021,4,18,6:46,1,K39072,L,N,RIHU,F,1,,,,,0,N,,,,,,,68,29.1,PU,0,8,1,F,F,F,L,6.6,,,,,,,,,
BJ,FH,2021,6,27,9:47,1,K39073,K,N,RIHU,F,1,,HS,,,0,N,,,G,,A,,67,27.5,N,1,5,F,F,L,F,M,,,,,,,,,,ESCAPED
BJ,FH,2021,10,3,7:16,1,K39077,J,N,RIHU,F,2,,HS,,,0,3,Y,,G,,A,,68,24.9,N,2,2,1,F,L,F,F,6.7,,,,,,,,,
BJ,FH,2021,4,4,8:53,R,K39154,1,,BBLH,M,1,,B,99,,,,,,,,,,,,N,0,,1,F,F,F,F,3.7,,,,,,,,,
BJ,FH,2021,6,27,6:36,R,K39154,1,,BBLH,M,1,,B,99,,,,,,,,,,,,N,0,,F,F,F,F,F,3.8,,,,,,,,,
BJ,FH,2021,3,21,7:40,R,K39157,1,,BBLH,M,1,,B,99,,,,,,,,,,,,N,0,,F,F,F,F,F,3,,,,,,,,,
BJ,FH,2021,3,21,7:26,R,K39168,1,,BBLH,M,1,,B,99,,,,,,,,,,,,N,0,,F,F,F,F,F,3,,,,,,,,,
BJ,FH,2021,4,4,8:03,R,K39168,1,,BBLH,M,1,,B,99,,,,,,,,,,,,N,0,,F,F,F,F,F,3.1,,,,,,,,,
BJ,FH,2021,4,18,5:46,R,K39168,1,,BBLH,M,1,,B,99,,,,,,,,,,,,N,0,,F,F,F,F,F,3.1,,,,,,,,,
BJ,FH,2021,5,16,6:44,R,K39168,1,,BBLH,M,1,,B,99,,,,,,,,,,49,20.2,N,0,,F,F,F,F,F,3,,,,,,,,,
BJ,FH,2021,5,30,5:35,R,K39168,1,,BBLH,M,1,,B,99,,,,,,,,,,,,N,0,,F,1,F,F,F,3.2,,,,,,,,,
BJ,FH,2021,7,11,9:55,R,K39168,1,,BBLH,M,1,,B,99,,,,,,,,,,,,N,0,,F,F,F,F,F,3.3,,,,,,,,,
BJ,FH,2021,4,18,7:57,R,K39173,1,,BBLH,M,1,,B,99,,,,,,,,,,51,,N,0,,F,F,F,F,F,3.1,,,,,,,,,
BJ,FH,2021,5,30,5:39,R,K39173,1,,BBLH,M,1,,B,99,,,,,,,,,,52,20.8,N,0,,F,F,F,F,F,3.3,,Y,,,,,,,HEALED BILL INJURY; ROUND INDENT WITH SMALL BLACK MASS
BJ,FH,2021,3,21,7:15,1,K39188,C,C,CAHU,F,1,,R,5,,0,N,,SP,YYYYY,,N,4,41,15.6,N,0,,F,F,L,F,M,2.3,,,,2,10:02,10:36,,,
BJ,FH,2021,6,27,9:22,1,K39189,C,C,COHU,M,2,,P,60,8,1,N,E,R,,4X1,Y,,45,17.7,N,1,,1,1,2,2,L,2.6,,,,,,,,,
BJ,FH,2021,8,22,9:23,R,K41918,1,,BCHU,F,1,,,,,0,N,U,E,,,P,,,,WH,0,5,2,2,5,3,M,3.7,,,,,,,,,
BJ,FH,2021,4,4,6:13,R,K41919,1,,BBLH,F,1,,,,,,,,,,,,,,,,,,,,,,,3.5,,,,,,,,,
BJ,FH,2021,4,4,9:37,R,K41940,1,,BBLH,F,1,,,,,0,N,,,,,,,52,21.6,N,0,2,F,F,F,F,F,3.6,,,,,,,,,
BJ,FH,2021,4,4,9:50,R,K41963,1,,ANHU,M,1,,R,99,99,,,,,,,,,48,17.5,N,0,,1,F,F,F,L,,,,,,,,,,ESCAPED
BJ,FH,2021,4,18,7:00,R,K41964,1,,ANHU,F,1,,R,5,,0,N,E,E,,0,N,,50,18.1,N,0,8,F,F,F,F,L,3.6,,,,,,,,,
BJ,FH,2021,5,30,7:01,R,K41990,1,,ANHU,M,1,,R,99,99,,,,,,,,,,,N,0,,2,2,7,F,F,4.6,,,,,,,,,
BJ,FH,2021,3,21,9:20,R,M2584,1,,ANHU,F,1,,R,5,,0,N,E,E,,5X3,N,,48,18.5,N,0,2,F,1,F,F,F,3.7,,,,,,,,,
BJ,FH,2021,3,21,8:24,R,M27338,1,,BBLH,M,1,,B,99,,,,,,,,,,,,N,0,,F,F,F,F,F,3.2,,,,1,10:28,,,,
BJ,FH,2021,5,16,9:56,R,M27385,1,,BCHU,F,1,,LS,,,0,N,U,E,,4X3,P,,46,21.3,BH,0,2,F,F,F,F,F,3.4,,,,,,,,,4 WHITE FEATHERS ON HEAD
BJ,FH,2021,7,11,7:02,R,M27447,1,,BCHU,F,1,,,,,,,,,,,,,,,,,9,,,,,,4.7,,,,,,,,,
BJ,FH,2021,4,4,8:01,R,M27515,1,,BBLH,F,1,,,,,0,N,,,,,,,,,N,0,2,F,F,F,F,L,3.4,,,,1,9:07,,,,
BJ,FH,2021,3,21,9:17,R,M27522,1,,BBLH,M,1,,B,99,,,,,,,,,,52,21.2,N,0,,F,F,F,F,F,3.2,,,,,,,,,
BJ,FH,2021,5,16,7:28,R,M27584,1,,ANHU,F,1,,R,8,0,0,N,E,E,,,N,,49,18.3,PH,0,2,F,F,F,F,L,3.7,,,,,,,,,
BJ,FH,2021,4,18,8:42,R,M28929,1,,ANHU,M,1,,R,99,99,,,,,,,,,,,N,0,,F,F,F,F,L,3.9,,,,,,,,,
BJ,FH,2021,4,4,9:09,R,M28930,1,,ANHU,M,1,,R,99,99,,,,,,,,,46,17.2,N,0,,F,F,F,F,F,3.9,,,,,,,,,
BJ,FH,2021,8,22,9:48,R,M28935,1,,ANHU,M,1,,R,95,99,,,,,,,,,,,N,0,,3,1,0,F,F,4.2,,,,,,,,,
BJ,FH,2021,7,11,8:06,R,M28942,1,,BBLH,M,1,,B,99,,,,,,,,,,,,,0,,F,F,L,F,L,3,,,,,,,,,
BJ,FH,2021,4,18,9:17,R,M28944,1,,BBLH,F,1,,,,,,,,,,,,,,,BH,,9,,,,,,3.3,,,,2,9:53,-,,,VERY GRAVID; LET GO W/OUT ALL MEASUREMENTS
BJ,FH,2021,5,16,9:02,R,M28944,1,,BBLH,F,1,,,,,0,N,,,,,,,49,21,YUL,0,2,1,F,3,5,F,3.3,,,,,,,,,
BJ,FH,2021,7,11,5:52,R,M29050,1,,ANHU,F,1,,R,20,0,0,N,E,E,,4X1,N,,,17.7,N,0,5,2,1,0,2,5,3.8,,,,,,,,,
BJ,FH,2021,5,30,5:30,R,M29062,1,,BCHU,F,1,,LS,,,0,N,U,E,,4X2,P,,,,N,0,8,F,F,F,F,L,3.7,,,,,,,,,
BJ,FH,2021,7,11,6:21,R,M29081,1,,ANHU,M,1,,R,99,99,,,,,,,,,,,N,0,,2,2,0,1,3,4.6,,,,,,,,,
BJ,FH,2021,9,19,11:09,R,M29086,1,,ANHU,F,1,,R,40,0,0,N,E,E,,1X4,N,,,,N,2,2,1,1,F,F,F,4.7,,,,,,,,,
BJ,FH,2021,3,21,10:10,R,M29472,1,,BBLH,F,1,,,,,0,N,,,,,,,52,21.2,N,0,2,F,F,F,F,F,3.4,,,,,,,,,
BJ,FH,2021,7,11,6:16,R,M29483,1,,ANHU,M,1,,R,99,99,,,,,,,,,,18,N,0,,2,3,9,2,3,4.5,,,,2,-,-,,,
BJ,FH,2021,10,3,7:47,R,M29487,1,,ANHU,F,1,,R,40,0,0,N,E,E,,2X4,N,,49,17,N,3,2,1,1,F,F,F,5,,,,,,,,,
BJ,FH,2021,10,17,6:41,R,M29487,1,,ANHU,F,1,,R,50,0,0,N,E,E,,4X2,N,,,,N,3,2,1,2,F,F,F,,,,,,,,,,
BJ,FH,2021,10,17,6:46,R,M29515,1,,ANHU,F,1,,R,5,0,0,N,E,E,,4X3,N,,,,N,0,2,1,F,F,F,F,,,,,,,,,,
BJ,FH,2021,3,21,8:45,R,M29567,1,,BBLH,M,1,,B,99,,,,,,,,,,,,WH,0,,F,F,F,F,F,3,,,,,,,,,
BJ,FH,2021,7,11,8:31,R,M29567,1,,BBLH,M,1,,B,99,,,,,,,,,,51,20.3,,0,,F,F,L,F,L,3,,,,,,,,,
BJ,FH,2021,7,11,9:10,R,M29570,1,,BCHU,M,1,,V,99,,,,,,,,,,,,N,0,,F,F,L,F,L,2.9,,,,,,,,,
BJ,FH,2021,3,21,8:27,R,M29661,1,,ANHU,F,1,,R,40,0,0,N,E,E,,1X3,N,,,,N,0,2,F,F,F,F,F,3.7,,,,,,,,,
BJ,FH,2021,9,5,7:08,R,M29661,1,,ANHU,F,1,,R,15,0,,,,,,,,,,,WHU,1,2,1,2,F,F,F,3.9,,,,,,,,,
BJ,FH,2021,4,18,10:26,R,M29665,1,,ANHU,F,1,,,,,0,N,E,E,,0,N,,53,18.3,N,0,7,F,F,F,F,F,4.3,,,,,,,,,
BJ,FH,2021,4,18,7:43,R,M29670,1,,BCHU,F,1,,LS,,,0,N,U,E,,12,P,,,,N,0,5,F,F,F,F,F,3.6,,,,1,8:20,,,,
BJ,FH,2021,3,21,6:31,R,M29671,1,,BBLH,M,1,,B,99,,,,,,,,,,,,N,0,,F,F,F,F,F,3.5,,,,1,-,,,,
BJ,FH,2021,4,4,7:12,R,M29673,1,,BCHU,M,1,,V,99,,,,,,,,,,,,N,0,,F,F,F,F,F,3,,,,1,-,,,,
BJ,FH,2021,4,18,5:41,R,M65111,1,,BBLH,M,1,,B,99,,,,,,,,,,,,N,0,,F,F,F,F,F,3.3,,,,,,,,,
BJ,FH,2021,8,22,6:42,R,M65124,1,,ANHU,F,1,,R,70,0,,,,,,,,,,,WU,0,2,F,F,F,F,F,4.2,,,,,,,,,
BJ,FH,2021,3,21,8:13,R,M65126,1,,ANHU,F,1,,R,60,,0,N,E,E,,1X2,N,,,,N,0,8,F,F,F,F,L,4.6,,,,,,,,,
BJ,FH,2021,7,11,9:52,R,M65126,1,,ANHU,F,1,,R,20,0,,,,,,,,,,,N,0,2,2,1,9,4,5,4.4,,,,,,,,,
BJ,FH,2021,10,17,6:58,R,M65126,1,,ANHU,F,1,,R,30,0,0,N,E,E,,4X2,N,,,,N,0,2,2,2,L,5,L,,,,,,,,,,
BJ,FH,2021,3,21,8:47,R,M65128,1,,ANHU,M,1,,R,99,99,,,,,,,,,,,N,0,,F,F,F,F,F,4,,,,,,,,,
BJ,FH,2021,6,27,9:10,R,M65287,1,,ANHU,M,1,,R,99,99,,,,,,,,,,,,,,,,,,,4.8,,,,,,,,,
BJ,FH,2021,5,2,9:24,R,M65392,1,,BCHU,M,1,,V,99,,,,,,,,,,42,18.7,YL,0,,F,F,F,F,F,2.9,,,,,,,,,
BJ,FH,2021,5,16,8:53,R,M65397,1,,BCHU,M,1,,V,99,,,,,,,,,,42,19.8,N,0,,F,F,F,F,F,2.8,,,,,,,,,
BJ,FH,2021,7,11,8:56,R,M65397,1,,BCHU,M,1,,V,99,,,,,,,,,,,,N,0,,F,F,L,F,L,3.1,,,,,,,,,
BJ,FH,2021,4,4,9:40,R,M65399,1,,BCHU,M,1,,V,99,,,,,,,,,,42,18.9,YUHL,2,,1,F,F,F,F,3.9,,,,,,,,,
BJ,FH,2021,4,4,6:29,R,M67838,1,,BBLH,M,1,,,,,,,,,,,,,,,,,,,,,,,2.5,,,,,,,,,
BJ,FH,2021,6,27,9:42,R,M67858,1,,BCHU,M,1,,V,99,,,,,,,,,,,,,,,3,3,6,4,L,3,,,,,,,,,
BJ,FH,2021,4,18,9:40,R,M67863,1,,BCHU,M,1,,V,99,,,,,,,,,,,,N,0,,F,F,F,F,F,3.3,,,,,,,,,
BJ,FH,2021,5,16,9:37,R,M67881,1,,BBLH,M,1,,B,99,,,,,,,,,,50,19.9,N,0,,F,F,F,F,M,3.2,,,,,,,,,R5 RIGHT BROKEN HALFWAY DOWN
BJ,FH,2021,10,17,7:14,R,M67952,1,,ANHU,F,1,,R,20,0,0,N,E,E,,2X2,N,,,,OH,2,2,1,1,F,F,F,,,,,,,,,,
BJ,FH,2021,3,21,10:25,R,M67996,1,,ANHU,M,1,,R,99,99,,,,,,,,,49,16.3,N,0,,F,F,F,F,F,4.2,,,,,,,,,
BJ,FH,2021,8,22,8:35,R,M68001,1,,ANHU,M,1,,R,95,95,,,,,,,,,,,N,0,,3,1,F,F,F,4.8,,Y,,,,,,,
BJ,FH,2021,3,21,8:39,R,M68006,1,,ANHU,F,1,,HS,,,0,N,E,E,,1X2,N,,50,18.4,N,0,2,F,F,F,F,F,3.8,,,,,,,,,
BJ,FH,2021,4,18,9:02,R,M68008,1,,ANHU,F,1,,,,,0,N,E,E,,4X1,N,,,,N,0,2,F,F,L,F,L,3.9,,,,,,,,,
BJ,FH,2021,5,30,7:04,R,M68026,1,,ANHU,M,1,,R,99,99,,,,,,,,,,,N,0,,2,2,6,F,R,4.2,,,,,,,,,TOP OF BILL NOT COMPLETELY CLOSED
BJ,FH,2021,5,30,6:52,R,M68050,1,,BBLH,M,1,,B,99,,,,,,,,,,,,N,0,,1,1,F,F,F,3.4,,,,,,,,,
BJ,FH,2021,3,21,8:53,R,M68062,1,,ANHU,M,1,,R,99,99,,,,,,,,,,,N,0,,F,F,F,F,F,4.1,,,,,,,,,
BJ,FH,2021,4,18,6:51,R,M68062,1,,ANHU,M,1,,R,99,99,,,,,,,,,48,17.4,N,0,,1,F,F,F,L,4.1,,,,,,,,,
BJ,FH,2021,3,21,7:58,1,M69452,J,L,RIHU,M,1,,GP,99,99,,,,,,,,,71,26.5,N,0,,F,F,L,F,F,7.2,,,,,,,,,
BJ,FH,2021,4,18,6:25,1,M69453,K,L,RIHU,M,1,,GP,99,99,0,N,,,,,,,72,27.2,N,0,,F,F,F,F,F,7.9,,,,,,,,,
BJ,FH,2021,4,18,7:09,1,M69454,L,L,RIHU,M,1,,GP,99,99,,,,,,,,,73,27,N,0,,F,F,F,F,F,,,,,,,,,,ESCAPED
BJ,FH,2021,5,2,7:16,1,M69455,J,L,RIHU,F,1,,HS,,,0,N,,,G,5X3,A,,69,31.8,N,0,7,F,F,F,F,F,7.6,,,,,,,,,SPIDER WEB ON BILL
BJ,FH,2021,5,16,7:20,1,M69456,K,L,RIHU,M,1,,GP,99,99,,,,,,,,,72,25.3,BU,0,,F,F,F,F,F,7.7,,,,,,,,,
BJ,FH,2021,5,16,7:50,1,M69457,I,L,RIHU,M,1,,GP,99,99,,,,,,,,,,,,,,2,,,,,,,,,,,,,,ESCAPED
BJ,FH,2021,5,30,7:15,1,M69458,I,L,RIHU,M,1,,GP,99,99,,,,,,,,,63,27.1,N,0,,2,1,F,F,F,8.1,,,,,,,,,
BJ,FH,2021,9,5,7:18,R,M69458,1,,RIHU,M,1,,GP,99,99,,,,,,,,,,,N,1,,1,1,7,1,3,,,,,,,,,,ESCAPED
BJ,FH,2021,7,11,6:42,1,M69459,I,L,RIHU,M,1,,GP,99,99,,,,,,,,,68,25.2,N,0,,F,F,F,F,L,7.3,,,,,,,,,
BJ,FH,2021,9,5,6:15,1,M69463,J,L,RIHU,M,1,,GP,99,99,,,,,,,,,70,26.5,N,2,,1,1,8,2,4,8.8,,,,,,,,,
BJ,FH,2021,3,21,9:30,R,M69481,1,,ANHU,M,1,,R,99,99,,,,,,,,,49,18,N,0,,F,F,F,F,F,3.9,,,,,,,,,
BJ,FH,2021,7,11,6:19,R,M69487,1,,BBLH,F,1,,,,,,,,,,,,,,,N,0,7,1,1,F,F,M,3.4,,,,,,,,,
BJ,FH,2021,5,16,6:46,R,M69650,1,,ANHU,F,1,,R,5,0,0,N,E,R,,1X1,N,,50,18.2,N,0,7,1,1,4,2,F,3.7,,,,,,,,,
BJ,FH,2021,8,22,7:58,R,M69674,1,,ANHU,F,1,,R,10,0,0,N,E,R,,2X5,N,,48,18.5,WHU,T,8,1,1,F,F,F,,,,,,,,,,ESCAPED
BJ,FH,2021,8,22,8:18,R,M69695,1,,BBLH,F,1,,,,,,,,,,,,,,,WH,1,2,F,F,F,F,R,3.9,,,,,,,,,
BJ,FH,2021,5,16,7:00,R,M69701,1,,BBLH,F,1,,,,,0,N,,,,,,,49,22,N,0,8,F,F,F,F,F,3.1,,,,,,,,,
BJ,FH,2021,4,18,8:58,R,M69705,1,,BBLH,F,1,,,,,,,,,,,,,,,N,,9,F,F,F,F,L,3.6,,,,1,10:00,,,,
BJ,FH,2021,3,21,8:22,R,M69706,1,,ANHU,M,1,,R,99,99,,,,,,,,,,,N,,,,,,,,,,,,1,-,,,,ESCAPED
BJ,FH,2021,5,30,7:08,R,M69708,1,,ANHU,F,1,,R,20,0,,,,,,,,,,,N,0,5,3,3,7,4,5,4.6,,,,,,,,,
BJ,FH,2021,4,18,6:36,R,M69710,1,,BCHU,F,1,,LS,,,0,N,U,E,,3X3,P,,46,19.4,N,0,2,1,F,F,F,F,3.5,,,,,,,,,
BJ,FH,2021,5,30,5:27,R,M69714,1,,ANHU,M,1,,R,99,99,,,,,,,,,,,N,0,,1,1,7,1,2,4.7,,,,,,,,,
BJ,FH,2021,4,18,8:00,R,M69720,1,,BCHU,F,1,,,,,0,N,U,E,,,P,,,,N,0,9,F,F,F,F,M,3.8,,,,,,,,,
BJ,FH,2021,5,16,7:14,R,M69736,1,,BCHU,F,1,,LS,,,0,N,U,E,,,P,,45,20.9,N,0,9,1,F,F,F,R,3.8,,,,,,,,,"TAIL ONLY R3,4,5 ON RIGHT SIDE"
BJ,FH,2021,7,11,8:14,R,M69740,1,,BBLH,F,1,,,,,,,,,,,,,48,20,,0,8,L,F,3,4,5,3.2,,,,,,,,,
BJ,FH,2021,5,16,7:56,R,M69745,3,,BBLH,F,1,,,,,0,N,,,,,,,,,BU,,9,,,,,,3.1,,,,,,,,,"BAND VERGROWN BY SKIN; PREP H DID NOT HELP, NO BLEEDING, LEG SWOLLEN - LUMP OVER BAND"
BJ,FH,2021,5,2,7:29,R,M69750,1,,ANHU,M,1,,R,99,99,,,,,,,,,49,17.8,N,0,,F,F,F,F,F,4,,,,,,,,,
BJ,FH,2021,7,11,9:29,R,M69767,1,,ANHU,M,1,,R,99,99,,,,,,,,,,17.1,N,0,,1,1,0,1,L,4.8,,,,,,,,,
BJ,FH,2021,5,2,8:45,R,M69787,1,,BBLH,F,1,,,,,0,N,,,,,,,49,22.2,N,0,9,F,F,F,F,F,3.5,,,,,,,,,
BJ,FH,2021,7,11,10:37,R,M69815,1,,BBLH,F,1,,NS,,,0,Y,,,,,,,,,N,0,5,1,2,0,3,5,3.7,,,,,,,,,
BJ,FH,2021,7,11,6:58,R,M69820,1,,ANHU,M,1,,R,99,99,,,,,,,,,,,N,1,,2,2,0,3,3,5.2,,,,,,,,,
BJ,FH,2021,5,30,5:15,R,M69837,1,,BBLH,F,1,,,,,,,,,,,,,42,20.7,N,0,5,1,1,2,5,L,3.3,,,,,,,,,
BJ,FH,2021,10,3,8:46,R,M69841,1,,ANHU,M,1,,R,99,99,,,,,,,,,50,16.8,YU,2,,1,1,F,F,F,5.4,,,,,,,,,
BJ,FH,2021,3,21,6:36,1,M69892,D,E,RUHU,F,1,,O,8,,0,N,,40,GB,N,,3,45,,YH,0,2,1,1,F,F,L,3.3,,,,1,9:59,,,,HEAD FEATHERS MATTED
BJ,FH,2021,3,21,7:48,1,M69893,D,E,RUHU,F,1,,O,10,,0,N,,50,GB,N,,4,44,16.5,N,0,2,1,F,F,F,M,3.4,,,,,,,,,
BJ,FH,2021,3,21,7:54,1,M69894,E,E,RUHU,M,1,,O,99,,,5,,,,,,2.5,39,16.1,N,0,,F,F,L,F,L,3.4,,,,,,,,,
BJ,FH,2021,3,21,8:30,1,M69895,D,E,RUHU,F,1,,O,10,,0,N,,30,GB,N,,3,44,17.1,N,0,2,F,F,F,F,M,3.4,,,,,,,,,
BJ,FH,2021,4,4,6:24,1,M69896,C,E,RUHU,F,1,,O,,20,0,N,,20,GB,N,,3.5,49,16.2,N,0,2,2,2,F,F,F,,,,,,,,,,ESCAPED
BJ,FH,2021,4,4,6:35,1,M69897,C,E,RUHU,F,1,,O,15,0,0,N,,15,GB,N,,3,44,16.8,WH,2,2,1,F,F,F,L,3.5,,,,,,,,,
BJ,FH,2021,4,4,6:46,1,M69898,D,E,RUHU,F,1,,O,20,,0,N,,40,GB,N,,3.5,44,17.5,N,0,2,F,F,F,F,F,4.1,,,,1,-,,,,
BJ,FH,2021,4,4,6:51,1,M69899,D,E,BTLH,F,1,,R,4,,0,N,,R,B,,RRR,5.5,49,18.6,WH,0,2,1,F,F,F,M,3.8,,,,,,,,,
BJ,FH,2021,4,4,6:58,1,M69900,D,E,RUHU,F,1,,O,20,,0,N,,30,GB,N,,3.5,43,17.1,N,0,2,1,L,F,F,F,3.5,,,,,,,,,
BJ,FH,2021,9,5,8:19,R,P39733,1,,RIHU,M,1,,GP,99,99,,,,,,,,,,,WH,1,,F,F,M,L,M,7.6,,,,,,,,,
BJ,FH,2021,5,16,5:55,1,U05400,E,F,ANHU,M,1,,R,99,99,,,,,,,,,49,17.2,N,0,,1,F,5,1,L,4.2,,,,,,,,,
BJ,FH,2021,3,21,6:26,1,U05723,C,D,BCHU,M,1,,V,99,,,,,,,,,,43,18.6,YH,0,,F,F,F,F,F,3.2,,,,,,,,,
BJ,FH,2021,3,21,6:57,1,U05724,D,D,BCHU,M,1,,V,99,,,,,,,,,,42,19.3,N,0,,F,F,F,F,L,3.6,,,,,,,,,
BJ,FH,2021,3,21,7:08,1,U05725,C,D,BTLH,M,1,,R,99,,,,A,,,,,,46,,"YUH, PUH",0,,F,F,F,F,F,3.5,,,,,,,,,
BJ,FH,2021,3,21,7:33,1,U05726,D,D,BTLH,M,1,,R,99,,,,,,,,,,48,18.9,WH,0,,F,F,L,F,F,2.4,,,,1,-,,,,HEAD FEATHERS PARTLY STUCK TOGETHER
BJ,FH,2021,4,4,6:31,1,U05727,D,D,BTLH,M,1,,R,99,,,,,,,,,,49,16.8,N,0,,F,F,F,F,F,3.3,,,,2,8:40,9:58,,,
BJ,FH,2021,4,4,7:18,1,U05728,D,D,RUHU,M,1,,O,99,,,5,,,,,,2.5,41,16.9,N,2,,1,F,F,F,L,4.1,,,,1,9:15,,,,
BJ,FH,2021,4,4,7:57,1,U05729,C,D,BCHU,M,1,,V,99,,,,,,,,,,42,18.3,WHT,0,,F,F,F,F,F,3.2,,,,,,,,,
BJ,FH,2021,4,4,8:12,1,U05730,D,D,BTLH,M,1,,R,99,,,,,,,,,,,16.8,N,0,,F,F,9,4,F,3.2,,,,,,,,,
BJ,FH,2021,4,4,8:46,1,U05731,D,D,BCHU,M,1,,V,99,,,,,,,,,,42,18.8,N,0,,F,F,F,F,F,3.8,,,,,,,,,
BJ,FH,2021,4,4,8:55,1,U05732,D,D,BCHU,M,1,,V,99,,,,,,,,,,41,17.3,N,0,,F,F,F,F,F,3.5,,,,,,,,,
BJ,FH,2021,4,18,8:35,1,U05732,C,D,BCHU,M,1,,V,99,,,,,,,,,,41,19.1,WL,0,,F,F,F,F,F,3,,,,,,,,,
BJ,FH,2021,4,18,6:01,1,U05733,C,D,COHU,F,1,,,,,0,N,,E,,,N,3.5,46,17.8,"YU, YT",0,5,F,F,F,F,M,2.8,,,,,,,,,TAIL FORK 4
BJ,FH,2021,4,18,8:06,1,U05735,D,D,BCHU,M,1,,V,99,,,,,,,,,,41,18.5,N,0,,F,F,F,F,F,2.8,,,,,,,,,
BJ,FH,2021,4,18,8:23,1,U05736,C,D,BCHU,M,1,,V,99,,,,,,,,,,41,18.6,YL,0,,F,F,F,F,F,2.9,,,,,,,,,
BJ,FH,2021,7,11,9:12,R,U05737,1,,BCHU,M,1,,V,99,,,,,,,,,,,,N,0,,F,F,L,F,F,3.1,,,,,,,,,
BJ,FH,2021,5,2,5:29,1,U05739,D,D,BCHU,M,1,,V,99,,,,,,,,,,41,,N,0,,F,F,F,F,F,3.1,,,,,,,,,
BJ,FH,2021,5,2,5:37,1,U05740,C,D,BTLH,M,1,,R,99,,,,,,,,,,50,18.1,N,0,,1,F,F,F,F,3.3,,,,,,,,,
BJ,FH,2021,9,5,7:47,R,U05761,1,,ANHU,M,1,,R,99,95,0,N,,,,,,,,,N,0,,3,2,F,F,F,4.3,,,,,,,,,
BJ,FH,2021,3,21,9:45,R,U05810,1,,ANHU,M,1,,R,99,99,,,,,,,,,50,17.8,N,0,,F,F,F,F,L,4.1,,,,,,,,,
BJ,FH,2021,3,21,6:43,1,U05811,F,F,ANHU,M,1,,R,99,99,,,,,,,,,50,16.9,N,0,,F,F,F,F,F,4.3,,,,,,,,,
BJ,FH,2021,3,21,6:47,1,U05812,E,F,ANHU,M,1,,R,99,99,,,,,,,,,49,17,N,1,,F,F,F,F,L,4.9,,,,2,-,-,,,
BJ,FH,2021,3,21,6:52,1,U05813,F,F,ANHU,M,1,,R,99,99,,,,,,,,,50,17.8,N,0,,F,F,F,F,L,4.7,,,,,,,,,
BJ,FH,2021,3,21,7:03,1,U05814,E,F,ANHU,F,1,,R,2,,0,N,E,E,,6X3,N,,50,18.5,N,0,5,F,F,F,F,M,4.1,,,,2,9:05,10:07,,,
BJ,FH,2021,3,21,7:30,1,U05817,E,F,BBLH,F,1,,,,,0,N,,,,,,,50,20.1,N,0,2,F,F,F,F,F,3.4,,,,1,-,,,,
BJ,FH,2021,4,4,7:10,R,U05817,1,,BBLH,F,1,,,,,0,N,,,,,,,,,N,0,8,F,F,F,F,L,3.5,,,,,,,,,
BJ,FH,2021,4,18,5:56,R,U05817,1,,BBLH,F,1,,,,,,,,,,,,,,,N,0,7,F,F,F,F,M,3.4,,,,,,,,,
BJ,FH,2021,5,2,6:50,R,U05817,1,,BBLH,F,1,,,,,0,N,,,,,,,49,20.3,N,0,5,F,F,F,F,F,3.2,,,,,,,,,
BJ,FH,2021,3,21,7:44,1,U05818,E,F,ANHU,M,1,,R,99,99,,,,,,,,,49,18,N,0,,F,F,L,F,F,3.9,,,,,,,,,
BJ,FH,2021,5,16,7:40,R,U05818,1,,ANHU,M,1,,R,99,99,,,,,,,,,49,16.9,BU,0,,F,F,F,F,F,3.8,,,,,,,,,
BJ,FH,2021,3,21,8:06,1,U05819,E,F,ANHU,F,1,,,,,0,N,E,E,,,N,,49,,N,1,2,1,1,F,F,R,4.1,,,,,,,,,
BJ,FH,2021,3,21,8:35,1,U05821,F,F,ANHU,M,1,,R,99,99,,,,,,,,,49,18.4,N,0,,F,F,F,F,F,3.9,,,,,,,,,
BJ,FH,2021,3,21,8:49,1,U05822,E,F,ANHU,M,1,,R,99,99,,,,,,,,,50,18.1,N,0,,F,F,F,F,F,4.1,,,,1,9:09,,,,
BJ,FH,2021,3,21,9:24,1,U05823,F,F,ANHU,F,1,,R,5,,0,N,E,E,,,N,,50,19.9,N,0,2,F,F,F,F,L,4,,,,,,,,,
BJ,FH,2021,4,4,6:16,1,U05824,E,F,BCHU,F,1,,MS,,,0,N,U,E,,1X5,P,,46,20.7,N,1,2,F,F,F,F,L,4.1,,,,,,,,,
BJ,FH,2021,4,4,6:42,1,U05826,E,F,BBLH,F,1,,,,,0,N,,,,,,,48,22,N,0,2,F,F,F,F,F,3.3,,,,,,,,,
BJ,FH,2021,4,4,7:03,1,U05827,E,F,BBLH,F,1,,,,,0,N,,,,,,,51,21.2,N,0,2,F,F,F,F,F,3.2,,,,1,9:43,,,,
BJ,FH,2021,4,4,7:14,1,U05828,F,F,ANHU,M,1,,R,99,99,,,,,,,,,49,17.2,N,0,,F,F,F,F,F,4.1,,,,,,,,,
BJ,FH,2021,4,4,7:24,1,U05829,D,F,BCHU,F,1,,NS,,,0,N,U,E,,4X4,P,,,19.9,N,1,2,1,1,0,F,M,3.7,,,,,,,,,SEC 4; NOT MOLTED ON BOTH SIDES
BJ,FH,2021,4,4,6:05,1,U05830,F,F,BBLH,F,1,,,,,0,N,,,,,,,52,19.8,N,0,2,F,F,F,F,F,3.2,,,,,,,,,
BJ,FH,2021,4,4,10:31,1,U05831,D,E,RUHU,F,1,,O,10,,0,N,,40,GB,N,,2.5,,17.1,YH,1,2,1,F,9,F,F,3.3,,,,,,,,,
BJ,FH,2021,4,18,5:48,1,U05832,D,E,RUHU,F,1,,O,8,,0,N,,60,GB,N,,3,43,17.9,N,1,,F,F,F,F,L,3.5,,,,,,,,,
BJ,FH,2021,4,18,6:11,1,U05834,C,E,LUHU,F,1,,NS,,,0,N,A,,,,,4,41,22.3,N,0,2,F,F,F,F,F,3.1,,,,1,-,,,,
BJ,FH,2021,4,18,7:18,1,U05835,D,E,RUHU,F,1,,O,5,,0,N,,40,GB,N,,3,44,17.9,N,0,7,1,F,F,F,F,3.7,,,,1,-,,,,
BJ,FH,2021,4,18,7:24,1,U05836,E,F,BBLH,M,1,,B,99,,,,,,,,,,51,20.6,N,0,,F,F,F,F,F,3.2,,,,1,-,,,,
BJ,FH,2021,4,18,7:46,1,U05837,D,E,BTLH,F,1,,R,10,,0,N,A,P,W,1X1,RRR,,,17.3,N,2,2,1,1,0,2,F,3,,,,1,8:51,,,,
BJ,FH,2021,4,18,8:14,1,U05838,D,E,BTLH,F,1,,R,5,,0,N,B,R,W,,RRR,,,18.5,N,0,2,1,1,L,F,5,3.3,,,,,,,,,
BJ,FH,2021,4,18,8:30,1,U05839,D,E,BCHU,F,1,,LS,,,0,N,U,E,,4X3,P,,46,20.7,"YU, YT",0,2,F,F,F,F,F,3.4,,,,,,,,,
BJ,FH,2021,4,18,9:48,1,U05840,E,E,BBLH,M,1,,B,99,,,,,,,,,,52,20.1,N,0,,F,F,F,F,L,3.3,,,,,,,,,
BJ,FH,2021,4,18,10:12,1,U05841,D,E,BCHU,F,1,,LS,,,0,N,U,E,,3X3,P,,45,21.9,N,0,7,F,F,F,F,F,3.6,,,,,,,,,
BJ,FH,2021,5,16,5:44,1,U05842,C,E,LUHU,F,1,,NS,,,0,N,,,,,,,40,20.9,N,0,2,F,F,F,F,L,3.1,,,,,,,,,R5 SPATULATE
BJ,FH,2021,5,16,5:59,1,U05843,E,E,BBLH,M,1,,B,99,,,,,,,,,,49,19.9,N,0,,F,F,F,F,L,3.2,,,,,,,,,
BJ,FH,2021,5,16,6:09,1,U05844,E,E,BBLH,M,1,,B,99,,,,,,,,,,51,21.9,N,0,,1,1,F,F,F,3.2,,,,,,,,,
BJ,FH,2021,5,16,6:34,1,U05845,E,E,BBLH,M,1,,B,99,,,,,,,,,,51,19.5,YUL,0,,F,F,L,F,F,2.9,,,,,,,,,MISSING TIP OF P10 RIGHT SIDE
BJ,FH,2021,5,16,7:03,1,U05848,E,E,BBLH,M,1,,B,99,,,,,,,,,,50,21.5,N,0,,F,F,F,F,L,3.1,,,,,,,,,
BJ,FH,2021,5,16,7:32,1,U05849,E,E,BBLH,M,1,,B,99,,,,,,,,,,,19.8,N,0,,1,1,9,3,F,2.9,,,,,,,,,MISSING 2 CLAWS RIGHT FOOT
BJ,FH,2021,6,27,6:03,1,U05850,E,E,BBLH,M,1,,B,95,,,,,,,,,,50,20,N,0,,2,1,4,3,F,3.6,,,,,,,,,
BJ,FH,2021,7,11,10:01,R,U05850,1,,BBLH,M,1,,B,99,,,,,,,,,,,,N,1,,1,F,5,4,L,3.6,,,,,,,,,
BJ,FH,2021,10,3,6:26,R,U05855,1,,ANHU,F,1,,R,10,0,,N,E,E,,1X4,N,,,,N,2,2,1,1,F,F,F,4.5,,,,,,,,,UPPER BEAK SCRAPE & SCRATCHES
BJ,FH,2021,4,4,7:06,1,U05861,E,E,BBLH,M,1,,B,99,,,,,,,,,,51,20.9,N,0,,F,F,F,F,L,3,,,,1,-,,,,
BJ,FH,2021,4,18,8:04,R,U05861,1,,BBLH,M,1,,B,99,,,,,,,,,,,,N,0,,F,F,F,F,F,3,,,,1,-,,,,
BJ,FH,2021,6,27,6:52,R,U05861,1,,BBLH,M,1,,B,98,,,,,,,,,,,,N,0,,2,2,7,4,5,3.1,,,,,,,,,
BJ,FH,2021,4,4,7:33,1,U05862,D,E,RUHU,F,1,,O,7,,0,N,,40,GB,N,,3.5,43,16.5,N,1,2,1,F,F,F,F,3.4,,,,,,,,,
BJ,FH,2021,4,4,7:38,1,U05863,D,E,RUHU,F,1,,O,30,,0,N,,20,GB,N,,3.5,43,17.5,N,2,2,1,F,F,F,F,4.1,,,,,,,,,
BJ,FH,2021,4,4,7:44,1,U05864,D,E,RUHU,F,1,,O,8,,0,N,,40,GB,N,,4,44,,N,1,2,1,F,F,F,F,3.8,,,,,,,,,
BJ,FH,2021,4,4,9:29,1,U05865,E,E,BBLH,M,1,,B,99,,,,,,,,,,51,20.1,N,0,,F,F,F,F,F,3,,,,,,,,,
BJ,FH,2021,4,4,7:47,1,U05866,E,E,BTLH,F,1,,HS,,,0,N,,R,B,,RRR,,51,,WH,0,2,1,1,M,1,M,3.1,,,,,,,,,BILL SLIGHTLY DEFORMED AT BASE
BJ,FH,2021,4,4,8:18,1,U05867,D,E,RUHU,F,1,,O,5,,0,N,,40,GB,N,,3,48,15.4,WH,1,2,1,1,F,F,F,3.4,,,,,,,,,
BJ,FH,2021,4,4,8:32,1,U05868,E,E,BBLH,M,1,,B,99,,,,,,,,,,50,20,N,0,,F,F,F,F,F,3,,,,,,,,,
BJ,FH,2021,4,18,7:05,R,U05868,1,,BBLH,M,1,,B,99,,,,,,,,,,49,19.7,YL,0,,F,F,F,F,F,2.9,,,,,,,,,
BJ,FH,2021,4,4,9:34,1,U05869,E,E,BBLH,M,1,,B,99,,,,,,,,,,53,21.2,N,0,,F,F,F,F,F,3.4,,,,,,,,,
BJ,FH,2021,4,4,10:20,1,U05870,D,E,BBLH,M,1,,B,99,,,,,,,,,,52,20.2,OUH,0,,F,F,F,F,F,3.6,,,,,,,,,
BJ,FH,2021,9,19,7:03,1,U05871,C,C,RUHU,M,2,,O,3,,2,S,,80,RB,N,,4,42,16.9,N,3,,1,1,F,F,L,3.6,,,,,,,,,
BJ,FH,2021,6,27,8:39,1,U06153,E,F,ANHU,M,2,,R,15,0,2,Y,E,R,,3X1,Y,,49,19,N,1,,F,F,F,F,L,4.4,,,,,,,,,
BJ,FH,2021,5,16,8:44,1,U06353,F,G,ANHU,F,1,,R,15,0,0,N,E,E,,,N,,49,20,N,0,2,1,F,F,L,,,,,,,,,,,ESCAPED
BJ,FH,2021,5,16,9:06,1,U06354,F,G,BBLH,F,1,,,,,0,N,,,,,,,50,19.7,N,0,8,1,1,8,3,M,3.5,,,,,,,,,
BJ,FH,2021,5,30,5:52,1,U06355,F,G,BBLH,F,1,,,,,0,N,,,,,,,51,21.2,N,0,2,F,1,F,F,L,3.1,,,,2,-,8:07,,,
BJ,FH,2021,5,30,6:13,1,U06356,F,G,BBLH,F,1,,,,,0,N,,,,,,,48,20.2,YUL,0,5,F,F,F,F,F,2.9,,,,,,,,,
BJ,FH,2021,5,30,7:55,1,U06357,F,G,BBLH,F,1,,,,,0,N,,,,,,,50,22,WU,0,2,1,1,3,3,R,3.3,,,,,,,,,
BJ,FH,2021,6,27,7:49,R,U06357,1,,BBLH,F,1,,,,,,,,,,,,,,,N,0,2,2,1,6,5,M,3.5,,,,,,,,,
BJ,FH,2021,6,27,6:29,1,U06359,F,G,BBLH,F,1,,,,,0,N,,,,,,,50,20.9,N,0,2,F,1,4,5,M,3,,,,,,,,,
BJ,FH,2021,6,27,6:43,1,U06360,E,G,ANHU,F,2,,,,,2,S,E,R,,4X1,N,,48,17.7,N,1,2,1,F,F,F,F,4,,,,,,,,,
BJ,FH,2021,6,27,7:02,1,U06361,E,G,ANHU,F,2,,MS,,,2,S,E,R,,,N,,49,17.7,N,0,2,1,1,F,F,L,4,,,,,,,,,
BJ,FH,2021,10,17,7:39,R,U06361,1,,ANHU,F,1,,R,15,0,0,N,E,E,,4X1,N,,,,OU,0,2,1,1,F,F,F,,,,,,,,,,
BJ,FH,2021,6,27,7:07,1,U06362,E,G,BCHU,F,1,,LS,,,0,N,U,E,,,P,,47,21.3,N,0,9,F,F,L,F,M,4.3,,,,,,,,,
BJ,FH,2021,6,27,7:22,1,U06364,F,G,ANHU,F,2,,R,8,0,1,N,U,R,,,N,,50,19.5,N,0,2,1,1,5,3,L,3.5,,,,,,,,,
BJ,FH,2021,6,27,7:35,1,U06365,F,G,BCHU,F,1,,LS,,,0,N,U,E,,3X2,P,,46,20.1,WL,1,5,2,1,F,F,L,3.9,,,,,,,,,
BJ,FH,2021,6,27,8:04,1,U06366,F,G,ANHU,F,1,,R,15,0,0,N,E,E,,5X3,N,,48,,N,T,2,1,1,4,5,L,4.2,,,,,,,,,
BJ,FH,2021,6,27,8:50,1,U06367,F,G,ANHU,F,1,,R,3,0,0,N,E,R,,,N,,49,17.5,N,0,2,2,2,5,2,M,4.1,,,,,,,,,
BJ,FH,2021,6,27,9:00,1,U06368,E,G,ANHU,F,1,,R,5,0,0,N,E,R,,,N,,50,21.8,N,0,2,1,1,6,2,M,4.1,,,,,,,,,
BJ,FH,2021,6,27,9:17,1,U06369,F,G,ANHU,F,1,,MS,,,0,N,E,E,,4X3,N,,48,18.8,N,1,2,1,1,2,1,L,3.5,,,,,,,,,
BJ,FH,2021,6,27,9:33,1,U06370,E,G,BCHU,F,1,,MS,,,0,N,U,E,,4X3,P,,45,19.8,N,0,2,1,1,F,F,L,3.5,,,,,,,,,
BJ,FH,2021,10,3,8:52,R,U06381,1,,ANHU,M,1,,R,99,99,,,,,,,,,,,N,0,,1,1,F,F,F,5,,,,,,,,,
BJ,FH,2021,4,4,8:42,1,U06382,E,F,BBLH,F,1,,,,,0,N,,,,,,,50,22.8,N,0,2,F,F,F,F,F,3.6,,,,1,10:49,,,,
BJ,FH,2021,4,18,5:59,1,U06383,E,F,BCHU,F,1,,,,,0,N,,,,,,,,,,,,,,,,,,,,,,,,,,ESCAPED
BJ,FH,2021,4,18,6:31,1,U06384,E,F,BBLH,F,1,,,,,0,N,,,,,,,49,21.6,N,0,2,F,F,F,F,M,3.4,,,,4,-,-,9:30,-,
BJ,FH,2021,4,18,6:40,1,U06385,E,F,BTLH,F,1,,MS,,,0,N,A,R,B,,RRR,,50,18.3,N,0,7,1,1,M,F,M,3.2,,,,,,,,,
BJ,FH,2021,4,18,7:32,1,U06386,F,F,BTLH,M,0,,R,15,,0,N,B,P,,,,,,17.3,N,1,,1,1,9,F,F,3.3,,,,,,,,,ADULT MALE TAIL
BJ,FH,2021,4,18,7:54,1,U06387,F,F,ANHU,M,1,,R,99,99,,,,,,,,,48,,N,0,,F,1,F,F,L,4,,,,,,,,,
BJ,FH,2021,8,22,9:34,R,U06387,1,,ANHU,M,1,,R,99,99,,,,,,,,,,,BU,T,,2,1,F,F,L,4.2,,,,,,,,,
BJ,FH,2021,4,18,10:19,1,U06388,E,F,BBLH,M,1,,B,99,,,,,,,,,,50,21.3,N,0,,F,F,F,F,F,3.3,,,,,,,,,
BJ,FH,2021,5,2,5:44,1,U06389,F,F,ANHU,F,1,,R,20,0,0,N,E,E,,,N,,49,18,N,0,9,F,F,F,F,M,4.9,,,,,,,,,"GORGET COLOR GRAY-GREEN, GRAY MATTING ON HEAD"
BJ,FH,2021,5,16,7:09,R,U06389,1,,ANHU,F,1,,R,2,0,0,N,E,E,,,N,,49,17.8,N,0,2,1,1,2,3,L,4,,Y,,,,,,,GORGET DARK GRAY; MISSING P8 TIP ON RIGHT SIDE
BJ,FH,2021,5,2,5:54,1,U06390,D,F,BCHU,F,1,,LS,,,0,N,U,E,,4X3,P,,45,21,N,0,2,F,F,F,F,F,3.2,,,,,,,,,
BJ,FH,2021,5,2,6:01,1,U06391,F,F,BCHU,F,1,,LS,,,0,N,U,E,,4X3,P,,45,21.1,N,0,2,F,F,F,F,F,3.3,,,,,,,,,
BJ,FH,2021,7,11,8:04,R,U06391,1,,BCHU,F,1,,,,,,,,,,,,,,,,,9,,,,,,4,,,,,,,,,
BJ,FH,2021,5,2,6:06,1,U06392,F,F,BCHU,F,1,,LS,,,0,N,U,E,,3X2,P,,46,20.2,N,0,7,F,F,F,F,L,3.3,,,,,,,,,
BJ,FH,2021,5,2,6:10,1,U06393,E,F,ANHU,F,1,,R,3,0,0,N,E,E,,3X1,N,,48,17.7,N,0,2,F,F,F,F,F,3.8,,,,1,6:35,,,,
BJ,FH,2021,8,22,6:11,R,U06393,1,,ANHU,F,1,,R,10,0,0,N,E,E,,1X4,N,,,,WH,1,7,1,1,F,4,F,4.4,,,,,,,,,
BJ,FH,2021,5,2,6:15,1,U06394,E,F,ANHU,M,2,,HS,,,3,Y,E,R,,1X3,Y,,48,16.1,N,0,,1,F,F,F,F,4,,,,8,7:14,7:35,7:48,8:32,"8:53, 9:32, 9:52, 10:25"
BJ,FH,2021,5,2,6:38,1,U06395,F,F,ANHU,M,2,,R,10,0,3,Y,E,R,,1X2,Y,,48,15.2,N,0,,1,F,F,F,F,3.8,,,,,,,,,
BJ,FH,2021,5,2,6:45,1,U06396,D,F,BCHU,F,1,,LS,,,0,N,U,E,,4X2,P,,45,20.8,N,0,7,F,F,F,F,F,3.2,,,,,,,,,
BJ,FH,2021,5,2,6:53,1,U06397,E,F,BCHU,F,1,,LS,,,0,N,U,E,,1X2,P,,47,20.1,N,0,5,F,F,F,F,F,3,,,,,,,,,
BJ,FH,2021,5,2,7:10,1,U06398,E,F,BCHU,F,1,,LS,,,0,N,U,E,,,P,,45,19.1,N,0,2,F,F,F,F,R,3.3,,,,,,,,,MISSING TAIL EXCEPT LEFT R4-R5
BJ,FH,2021,5,2,7:53,1,U06399,D,F,BCHU,F,1,,LS,,,0,N,U,E,,3X2,P,,45,20.5,BH,0,8,F,F,F,F,F,3.4,,,,,,,,,P1 RIGHT SIDE BROKEN OFF
BJ,FH,2021,7,11,9:14,R,U06399,1,,BCHU,F,1,,MS,,,,,,,,,,,,,N,0,2,1,1,1,1,F,3.5,,,,,,,,,
BJ,FH,2021,8,22,9:53,R,U06400,1,,ANHU,M,1,,R,95,99,,,,,,,,,,,N,0,,3,1,F,F,F,4.5,,,,,,,,,
BJ,FH,2021,5,16,6:02,1,U06410,E,F,ANHU,F,1,,R,3,0,0,N,E,,,,N,,47,17.9,N,0,2,F,F,L,3,M,3.6,,,,,,,,,
BJ,FH,2021,5,16,6:16,1,U06411,E,F,BCHU,F,1,,LS,,,0,N,U,E,,4X3,P,,46,21.3,N,0,2,F,F,F,F,F,3.5,,,,,,,,,
BJ,FH,2021,5,16,6:24,1,U06412,D,F,BCHU,F,1,,LS,,,0,N,U,E,,1X2,P,,42,18,N,0,2,F,F,F,F,F,3.2,,,,,,,,,
BJ,FH,2021,5,16,6:27,1,U06413,E,F,ANHU,M,1,,R,99,99,,,,,,,,,49,16.5,N,0,,F,F,F,F,L,4.1,,,,1,-,,,,
BJ,FH,2021,8,22,10:11,R,U06413,1,,ANHU,M,1,,R,99,99,,,,,,,,,,,N,0,,1,F,F,F,F,4.7,,,,,,,,,
BJ,FH,2021,5,16,6:30,1,U06414,E,F,ANHU,M,1,,R,99,99,,,,,,,,,48,16.9,YT,0,,F,F,L,F,F,3.8,,,,1,8:07,,,,
BJ,FH,2021,5,16,6:38,1,U06415,F,F,BCHU,F,1,,MS,,,0,N,U,E,,3X3,P,,46,21.2,N,0,5,F,F,F,F,F,3.2,,,,1,8:18,,,,
BJ,FH,2021,5,16,6:51,1,U06416,E,F,LUHU,F,1,,NS,,,0,N,,,,,,,42,20,WU,0,7,F,F,F,F,F,3.4,,,,,,,,,R5 SPATULATE
BJ,FH,2021,5,16,7:37,1,U06417,E,F,BCHU,F,1,,LS,,,0,N,U,E,,2X2,P,,45,19.1,YUL,0,5,F,F,F,F,F,3.1,,,,,,,,,
BJ,FH,2021,5,16,9:53,1,U06418,E,F,BCHU,F,1,,MS,,,0,N,U,E,,4X3,P,,45,19.9,N,0,9,F,F,F,F,L,3.4,,,,,,,,,
BJ,FH,2021,5,30,5:11,1,U06419,E,F,ANHU,M,1,,R,99,99,,,,,,,,,49,17.4,N,0,,2,2,8,5,L,4.3,,,,,,,,,
BJ,FH,2021,5,30,5:19,1,U06420,F,F,ANHU,F,1,,R,20,4,0,N,E,R,,1X1,N,,50,17.6,N,0,2,F,F,F,F,F,3.9,,,,,,,,,
BJ,FH,2021,5,30,5:25,1,U06421,F,F,ANHU,F,1,,,,,,,,,,,,,,,,,,,,,,,,,,,,,,,,ESCAPED
BJ,FH,2021,5,30,5:35,1,U06422,F,F,BCHU,F,1,,LS,,,0,N,U,E,,4X3,P,,45,20.7,N,0,7,F,F,F,F,L,3.9,,,,,,,,,
BJ,FH,2021,5,30,5:42,1,U06423,F,F,ANHU,M,1,,R,99,99,,,,,,,,,48,16.9,N,0,,1,2,8,4,L,4.6,,,,,,,,,
BJ,FH,2021,5,30,5:47,1,U06424,E,F,BCHU,F,1,,LS,,,0,N,U,E,,3X2,P,,47,20.4,N,0,9,,,,,,4.4,,,,,,,,,VERY GRAVID
BJ,FH,2021,5,30,5:59,1,U06425,F,F,ANHU,M,2,,R,80,95,2,N,E,R,,1X1,Y,,48,16.8,N,0,,1,1,F,F,L,4.2,,,,,,,,,
BJ,FH,2021,5,30,6:03,1,U06426,E,F,BCHU,F,1,,MS,,,0,N,U,E,,,P,,47,18.8,N,1,2,F,F,F,F,L,3.9,,,,,,,,,
BJ,FH,2021,5,30,6:08,1,U06427,E,F,BCHU,F,1,,,,,0,N,U,E,,3X3,P,,46,19.7,YL,0,2,F,F,F,F,L,3.4,,,,,,,,,
BJ,FH,2021,6,27,7:26,1,U06428,E,F,ANHU,M,1,,R,99,99,,,,,,,,,49,17.3,N,1,,2,2,8,1,1,4.3,,,,,,,,,
BJ,FH,2021,5,30,6:17,1,U06429,E,F,BCHU,F,1,,,,,0,N,U,E,,4X3,P,,45,19.8,N,0,2,F,F,F,F,F,3.4,,,,1,-,,,,
BJ,FH,2021,7,11,9:38,R,U06429,1,,BCHU,F,1,,,,,,,,,,,,,,,,,8,1,1,L,F,M,3.8,,,,,,,,,
BJ,FH,2021,5,30,6:23,1,U06430,E,F,BCHU,F,1,,,,,0,N,U,E,,,P,,46,20,N,0,8,1,F,F,F,L,4.3,,,,,,,,,
BJ,FH,2021,6,27,9:52,1,U06431,E,G,ANHU,F,2,,R,20,0,2,Y,E,R,,4X2,N,,48,17.6,,0,2,2,3,2,1,L,3.9,,,,,,,,,
BJ,FH,2021,6,27,10:08,1,U06432,F,G,BCHU,F,1,,NS,,,0,N,U,E,,,P,,47,19.8,N,0,2,F,F,F,F,L,3.6,,,,,,,,,
BJ,FH,2021,6,27,10:10,1,U06433,E,G,BCHU,F,1,,MS,,,0,N,U,E,,,P,,45,20.5,N,,5,1,1,F,F,L,3.8,,,,,,,,,
BJ,FH,2021,5,30,6:41,1,U06434,E,F,BCHU,F,1,,,,,0,N,U,E,,4X4,P,,46,20.9,N,0,9,F,F,F,F,L,4.2,,,,,,,,,
BJ,FH,2021,7,11,8:10,1,U06434,E,G,BBLH,F,1,,,,,0,N,,,,,,,49,20.8,YT,0,2,L,L,L,F,M,3.4,,,,,,,,,
BJ,FH,2021,7,11,9:32,1,U06435,F,G,BBLH,F,1,,,,,,,,,,,,,49,20.8,N,2,7,1,1,7,5,M,3.8,,,,,,,,,
BJ,FH,2021,8,22,6:14,1,U06436,E,G,BBLH,F,2,,,,,0,Y,,,,,,,,21,N,1,2,3,2,0,3,1,3.7,,,,,,,,,
BJ,FH,2021,5,2,8:55,1,U06441,D,D,BCHU,M,1,,V,99,,,,,,,,,,41,18.2,YUL,0,,F,F,F,F,F,2.9,,,,,,,,,
BJ,FH,2021,5,16,6:12,1,U06442,D,D,BCHU,M,1,,V,99,,,,,,,,,,42,18.2,N,0,,F,F,F,F,F,2.8,,,,,,,,,
BJ,FH,2021,5,16,10:21,1,U06443,D,D,BCHU,M,1,,V,99,,,,,,,,,,43,18.5,N,0,,F,F,F,F,F,3,,,,,,,,,
BJ,FH,2021,5,30,5:56,1,U06444,D,D,BCHU,M,1,,V,99,,,,,,,,,,40,19.1,N,0,,F,F,F,F,F,2.8,,,,,,,,,
BJ,FH,2021,5,30,6:38,1,U06445,C,D,BCHU,M,1,,V,99,,,,,,,,,,43,18.6,N,0,,F,F,F,F,F,2.5,,,,,,,,,
BJ,FH,2021,5,30,7:11,1,U06446,D,D,BCHU,M,1,,V,99,,,,,,,,,,42,18.3,WLT,0,,F,F,F,F,F,3.7,,,,,,,,,
BJ,FH,2021,6,27,5:43,1,U06447,D,D,BCHU,M,1,,V,99,,,,,,,,,,42,18.6,N,0,,F,F,F,F,L,3.5,,,,,,,,,
BJ,FH,2021,6,27,6:55,1,U06448,C,D,ALHU,M,1,,O,99,,0,N,,90,RB,,,1,37,16.2,N,1,,F,F,F,F,F,3.2,,Y,,,,,,,
BJ,FH,2021,6,27,7:11,1,U06449,D,D,BCHU,M,2,,V,6,,3,Y,U,R,,3X1,R,,49,16.6,N,1,,F,F,F,F,F,2.8,,,,1,9:10,,,,
BJ,FH,2021,6,27,7:31,1,U06450,D,D,BCHU,M,1,,V,99,,,,,,,,,,42,19.3,N,0,,1,2,L,F,F,3.1,,,,,,,,,
BJ,FH,2021,5,30,6:28,1,U06451,F,F,BCHU,F,1,,,,,0,N,U,R,,,P,,45,19.9,N,0,8,F,F,F,F,L,3.9,,,,,,,,,
BJ,FH,2021,5,30,6:34,1,U06452,E,F,BCHU,F,1,,MS,,,0,N,U,E,,,P,,47,20.5,N,1,2,F,F,F,F,L,3.5,,,,,,,,,
BJ,FH,2021,6,27,7:44,1,U06455,D,F,ANHU,M,2,,R,60,2,1,Y,E,R,,1X1,Y,,50,17.5,N,0,,2,1,F,F,L,4.2,,,,,,,,,
BJ,FH,2021,5,30,6:48,1,U06456,F,F,BBLH,M,1,,B,99,,,,,,,,,,50,21.2,N,2,,F,F,F,F,F,3.5,,,,1,8:32,,,,
BJ,FH,2021,5,30,6:55,1,U06457,E,F,BCHU,F,1,,LS,,,0,N,U,E,,3X2,P,,47,19.9,PL,0,5,F,F,F,F,F,3.8,,,,,,,,,
BJ,FH,2021,8,22,6:20,1,U06457,F,G,BBLH,F,2,,,,,3,Y,,,,,,,52,20.6,WU,0,2,1,1,F,F,F,3.5,,Y,,,,,,,EXTRA BUFFY
BJ,FH,2021,5,30,7:20,1,U06458,D,F,BCHU,F,1,,MS,,,0,N,U,E,,4X4,P,,46,21.8,N,0,9,F,F,F,F,L,4.2,,,,,,,,,
BJ,FH,2021,5,30,7:25,1,U06459,E,F,BCHU,F,1,,LS,,,0,N,U,E,,4X4,P,,45,21.3,N,0,8,F,F,F,F,L,3.4,,,,,,,,,
BJ,FH,2021,5,30,7:28,1,U06460,E,F,BCHU,F,1,,MS,,,0,N,U,E,,4X2,P,,45,,N,0,7,1,1,F,F,F,3.4,,,,,,,,,
BJ,FH,2021,5,30,7:34,1,U06461,E,F,ANHU,M,2,,R,30,3,1,Y,E,R,,0,Y,,48,17.2,N,0,,1,1,F,F,F,3.7,,,,,,,,,
BJ,FH,2021,5,30,7:40,1,U06462,E,F,BCHU,F,1,,,,,0,N,U,E,,3X3,P,,46,20,N,0,8,F,F,F,F,L,3.9,,,,,,,,,
BJ,FH,2021,5,30,7:59,1,U06463,E,F,ANHU,F,1,,MS,,,0,N,E,E,,4X2,N,,49,17.7,YLT,0,2,1,F,F,F,L,3.9,,,,,,,,,
BJ,FH,2021,5,30,8:12,1,U06464,F,F,ANHU,M,1,,R,99,99,,,,,,,,,49,17.6,N,0,,F,F,3,3,F,4.7,,,,,,,,,
BJ,FH,2021,5,30,9:15,1,U06465,E,F,BCHU,F,1,,,,,0,N,U,E,,4X3,P,,45,20,N,0,2,F,F,F,F,F,3.5,,,,,,,,,
BJ,FH,2021,5,30,9:33,1,U06466,D,F,LUHU,F,1,,,,,0,N,A,,,,,4,41,22.8,N,0,5,F,F,F,F,R,2.4,,,,,,,,,MISSING R2 RIGHT SIDE; TAIL FORK DEPTH 3
BJ,FH,2021,6,27,5:14,1,U06467,E,F,ANHU,F,1,,R,15,0,0,N,E,E,,4X1,N,,52,18.9,N,T,2,1,1,1,2,5,3.8,,,,,,,,,
BJ,FH,2021,6,27,5:19,1,U06468,E,F,BCHU,F,1,,NS,,,0,N,U,E,,1X1,P,,47,18.6,N,0,5,F,F,F,F,L,,,,,1,9:20,,,,ESCAPED
BJ,FH,2021,6,27,5:27,1,U06469,E,F,ANHU,F,1,,R,20,0,0,N,E,R,,5X2,N,,50,17.8,N,0,8,1,2,4,2,L,4.4,,,,1,10:00,,,,
BJ,FH,2021,6,27,5:28,1,U06470,E,F,BCHU,F,1,,LS,,,0,N,U,E,,,P,,46,19.8,N,0,5,F,F,F,F,M,3.5,,,,,,,,,
BJ,FH,2021,6,27,5:32,1,U06471,E,F,BCHU,M,2,,,,,2,Y,U,E,,,P,,44,17.7,N,0,,F,F,F,F,M,3.7,,,,,,,,,
BJ,FH,2021,6,27,5:39,1,U06472,E,F,ANHU,F,1,,R,30,0,0,N,E,R,,4X1,N,,49,17.4,N,0,2,1,1,6,L,L,4.4,,,,,,,,,
BJ,FH,2021,6,27,5:48,1,U06473,E,F,ANHU,F,2,,R,20,0,2,S,E,R,,4X2,N,,49,17.5,N,2,2,1,1,F,F,L,4.7,,,,,,,,,
BJ,FH,2021,6,27,5:53,1,U06474,E,F,BCHU,F,1,,LS,,,0,N,U,E,,2X1,P,,46,21.1,N,0,5,1,F,M,L,L,3.3,,,,,,,,,
BJ,FH,2021,6,27,5:58,1,U06475,E,F,BCHU,F,1,,LS,,,0,N,U,E,,4X3,P,,47,19,N,0,2,1,F,F,F,L,3,,,,,,,,,
BJ,FH,2021,7,11,9:20,R,U06475,1,,BCHU,F,1,,,,,,,,,,,,,,,,,9,1,1,F,F,L,3.4,,,,,,,,,
BJ,FH,2021,6,27,6:07,1,U06476,E,F,ANHU,F,2,,R,5,0,2,S,E,R,,5X3,N,,49,18.9,N,0,2,2,2,2,4,F,4.3,,,,,,,,,
BJ,FH,2021,6,27,6:13,1,U06477,E,F,BCHU,F,1,,,,,0,N,U,E,,,P,,45,18.9,N,0,2,1,1,R,L,M,3.8,,,,,,,,,L EYELID COVERING PART OF EYE
BJ,FH,2021,6,27,6:20,1,U06478,E,F,BCHU,F,2,,LS,,,3,Y,U,R,,4X4,R,,46,19.5,N,T,2,F,F,F,F,L,3.8,,,,,,,,,
BJ,FH,2021,6,27,6:24,1,U06479,E,F,BCHU,F,1,,,,,0,N,U,E,,,P,,45,21.5,N,0,2,F,F,F,F,L,3.4,,,,,,,,,
BJ,FH,2021,6,27,6:38,1,U06480,E,F,ANHU,F,1,,HS,,,0,N,E,E,,,N,,48,,N,0,2,2,2,6,1,L,4.1,,,,,,,,,
BJ,FH,2021,6,27,7:40,1,U06482,D,D,BCHU,M,1,,V,98,,,,,,,,,,41,19.3,N,0,,2,1,F,1,F,3.2,,,,,,,,,
BJ,FH,2021,6,27,7:52,1,U06483,D,D,BCHU,M,1,,V,98,,,,,,,,,,41,19.3,N,0,,1,1,L,F,M,3.4,,,,,,,,,
BJ,FH,2021,6,27,9:44,1,U06484,C,D,BCHU,M,1,,V,99,,,,,,,,,,42,17.7,WL,,,,,,,,,,,,,,,,,ESCAPED
BJ,FH,2021,6,27,10:01,1,U06485,C,D,BCHU,M,1,,V,99,,,,,,,,,,41,18.8,N,0,,1,F,L,F,L,2.7,,,,,,,,,
BJ,FH,2021,7,11,5:48,1,U06486,D,D,BCHU,M,2,,V,1,,2,Y,U,R,,2X1,R,,49,17.8,N,0,,F,F,F,F,F,3,,,,2,-,-,,,
BJ,FH,2021,7,11,6:26,1,U06487,D,D,BCHU,M,1,,V,99,,,,,,,,,,40,18,N,0,,F,F,L,F,L,2.9,,,,,,,,,
BJ,FH,2021,7,11,6:34,1,U06488,D,D,BCHU,M,1,,V,99,,,,,,,,,,42,17.9,N,P,,2,2,F,F,L,3.3,,,,,,,,,
BJ,FH,2021,7,11,7:49,1,U06489,D,D,BBLH,M,1,,B,99,,,,,,,,,,,19.9,N,0,,1,1,8,3,1,3.5,,,,,,,,,
BJ,FH,2021,7,11,8:49,1,U06490,C,D,RUHU,M,1,,O,99,,0,N,,80,RB,N,,3,40,16.7,N,1,,F,F,L,F,F,3.2,,,,,,,,,
BJ,FH,2021,6,27,8:56,1,U06491,E,E,BBLH,M,1,,B,99,,,,,,,,,,50,20.6,N,0,,1,1,6,1,1,3.1,,,,,,,,,
BJ,FH,2021,7,11,6:13,R,U06491,1,,BBLH,M,1,,B,99,,,,,,,,,,49,19.8,N,0,,1,1,7,1,1,3.2,,,,,,,,,
BJ,FH,2021,9,5,9:21,R,U06491,1,,BBLH,M,1,,B,99,,,,,,,,,,,,N,0,,1,1,F,F,F,3.7,,,,,,,,,
BJ,FH,2021,7,11,7:04,1,U06492,D,E,RUHU,F,1,,O,6,,0,N,,,,N,,4,44,17.9,N,2,2,1,F,F,F,L,3.9,,,,,,,,,
BJ,FH,2021,7,11,8:41,1,U06493,E,E,ANHU,M,2,,R,75,15,1,S,E,E,,0,Y,,49,17.8,N,1,,2,2,6,4,L,4.7,,,,,,,,,
BJ,FH,2021,7,11,8:46,1,U06494,E,E,ANHU,M,2,,R,50,7,1,S,E,E,,0,Y,,48,17.5,N,0,,2,3,7,3,1,,,,,,,,,,ESCAPED
BJ,FH,2021,8,22,7:12,1,U06495,D,E,BCHU,M,2,,,,,1,S,E,E,,,P,,,,N,1,2,F,F,F,3,M,3.1,,Y,,,,,,,SEX?
BJ,FH,2021,9,5,7:28,1,U06496,D,E,BBLH,M,1,,B,99,,,,,,,,,,52,21.2,N,1,,1,1,F,F,F,3.8,,,,1,-,,,,
BJ,FH,2021,9,5,7:32,1,U06497,E,E,BBLH,M,2,,B,20,,3,Y,,,,,,,50,19.9,N,0,,2,1,F,F,F,2.6,,,,,,,,,
BJ,FH,2021,9,19,8:28,1,U06498,E,E,BBLH,M,2,,B,10,,2,Y,,,,,,,50,20.4,N,1,,1,1,F,F,F,2.9,,,,1,9:52, ,,,
BJ,FH,2021,9,19,9:40,1,U06500,E,E,BBLH,M,2,,,,,2,Y,,,,,,,52,21.7,N,1,,3,1,F,F,F,3.3,,,,,,,,,
BJ,FH,2021,7,11,5:43,1,U06521,D,F,BCHU,F,1,,LS,,,0,N,U,E,,,P,,48,21,N,0,9,1,1,F,F,M,3.7,,,,,,,,,
BJ,FH,2021,7,11,5:57,1,U06522,F,F,ANHU,M,1,,R,99,99,,,,,,,,,,16.9,N,0,,1,1,0,3,2,4,,,,,,,,,
BJ,FH,2021,7,11,6:05,1,U06523,E,F,ANHU,F,1,,HS,,,0,N,E,R,,,N,,48,18.1,N,0,2,2,2,6,2,L,4,,,,,,,,,
BJ,FH,2021,7,11,6:29,1,U06524,E,F,ANHU,F,1,,LS,,,,,E,E,,,,,46,17.9,N,0,2,1,F,L,L,R,3.4,,,,,,,,,
BJ,FH,2021,7,11,6:37,1,U06525,E,F,ANHU,M,1,,R,99,20,,,,,,,Y,,50,18.4,N,0,,2,2,5,2,F,4.6,,,,,,,,,JUVENILE TAIL – FRONT OF HEAD GORGET IS GREEN NON-IRIDESCENT FEATHERS
BJ,FH,2021,9,19,9:04,R,U06525,1,,ANHU,M,2,,R,90,20,1,S,E,R,,,,,,,N,0,,1,1,9,4,5,4.3,,,,,,,,,ADULT MALE TAIL
BJ,FH,2021,10,17,6:43,R,U06525,1,,ANHU,M,1,,R,80,20,,,,,,,,,,,WU,3,,F,F,F,F,F,,,,,,,,,,
BJ,FH,2021,7,11,6:47,1,U06526,D,F,BCHU,F,1,,,,,0,N,U,R,,4X1,P,,43,17,N,0,2,1,F,F,F,L,2.8,,,,3,-,-,-,,
BJ,FH,2021,7,11,6:53,1,U06527,E,F,BCHU,F,1,,MS,,,0,N,U,E,,3X2,P,,45,21.3,N,0,2,F,F,F,F,L,3.6,,,,1,-,,,,
BJ,FH,2021,7,11,7:08,1,U06528,E,F,ANHU,M,2,,R,70,25,1,N,E,R,,0,Y,,49,17.9,N,0,,2,2,6,L,L,4.7,,,,,,,,,
BJ,FH,2021,9,19,11:10,R,U06528,1,,ANHU,M,1,,R,98,98,,,,,,,,,,,N,0,,2,1,F,F,F,4.5,,,,,,,,,
BJ,FH,2021,7,11,7:21,1,U06529,E,F,ANHU,F,1,,R,20,0,0,N,E,E,,,N,,,18.4,N,1,2,1,1,7,1,R,4.1,,,,1,-,,,,
BJ,FH,2021,7,11,7:30,1,U06530,E,F,ANHU,M,1,,R,99,99,,,,,,,,,,17.7,N,0,,2,2,0,3,2,4.5,,,,,,,,,
BJ,FH,2021,7,11,7:34,1,U06531,E,F,ANHU,M,2,,R,75,10,0,S,E,R,,0,Y,,50,18.2,N,0,,2,3,6,1,L,4.7,,,,,,,,,
BJ,FH,2021,7,11,7:38,1,U06532,D,F,BCHU,F,1,,,,,0,N,U,E,,,P,,44,18.5,N,0,5,1,1,6,3,L,3.3,,,,,,,,,
BJ,FH,2021,7,11,7:43,1,U06533,E,F,ANHU,F,1,,R,10,0,0,N,E,E,,5X3,N,,,18.7,N,0,7,1,1,9,4,3,3.9,,,,,,,,,
BJ,FH,2021,7,11,7:52,1,U06534,E,F,BCHU,F,1,,,,,0,N,U,E,,,P,,42,20.7,N,0,9,1,1,F,F,L,3.8,,,,,,,,,
BJ,FH,2021,7,11,7:56,1,U06535,D,F,BCHU,F,1,,LS,,,0,N,U,E,,,P,,46,21,N,0,2,1,1,F,F,M,3.6,,,,,,,,,
BJ,FH,2021,7,11,8:00,1,U06536,E,F,BCHU,F,1,,NS,,,0,N,U,E,,3X3,P,,46,20.4,N,0,5,1,1,F,F,F,3.6,,,,,,,,,
BJ,FH,2021,7,11,8:17,1,U06537,E,F,BCHU,F,1,,,,,0,N,U,E,,,P,,46,20.3,,0,7,2,1,F,F,M,3.6,,,,,,,,,
BJ,FH,2021,7,11,8:22,1,U06538,E,F,ANHU,F,2,,R,10,0,2,Y,E,R,,4X2,N,,47,17.8,,0,2,1,F,F,F,F,3.8,,,,,,,,,
BJ,FH,2021,7,11,8:27,1,U06539,E,F,BCHU,F,2,,LS,,,1,S,U,R,,4X3,P,,47,19.3,,,2,F,F,L,F,L,3.8,,,,,,,,,
BJ,FH,2021,7,11,8:36,1,U06540,D,F,BCHU,F,1,,LS,,,0,N,U,E,,,P,,45,19.4,N,0,5,2,2,L,3,L,3.9,,,,,,,,,
BJ,FH,2021,7,11,9:00,1,U06541,E,F,BCHU,F,1,,V,1,,0,N,U,E,,,P,,46,21.1,N,0,2,1,1,F,F,L,3.8,,,,,,,,,
BJ,FH,2021,7,11,9:26,1,U06543,E,F,ANHU,M,1,,R,99,99,,,,,,,,,,17.6,N,0,,2,2,0,3,3,4.8,,,,,,,,,
BJ,FH,2021,7,11,9:41,1,U06544,E,F,BCHU,F,1,,LS,,,0,N,U,E,,,P,,46,20,N,T,2,F,F,F,F,M,3.6,,,,,,,,,
BJ,FH,2021,7,11,9:49,1,U06545,E,F,BCHU,F,1,,,,,0,N,U,E,,3X3,P,,45,21.3,N,0,9,F,F,F,F,L,4.2,,,,,,,,,
BJ,FH,2021,7,11,10:07,1,U06546,D,F,ANHU,M,2,,R,40,0,1,Y,E,R,,,Y,,51,19.1,N,0,,2,3,5,3,L,4.9,,,,,,,,,
BJ,FH,2021,7,11,10:45,1,U06547,E,F,ANHU,F,2,,R,15,0,0,S,E,R,,4X3,N,,49,,,,2,2,3,3,1,L,3.4,,,,,,,,,
BJ,FH,2021,7,11,9:17,1,U06548,E,F,BCHU,F,1,,MS,,,0,N,U,E,,,P,,45,20.1,N,0,5,1,1,L,F,M,3.5,,,,,,,,,
BJ,FH,2021,8,22,8:40,1,U06548,E,F,ANHU,M,2,,R,30,6,2,S,,R,,0,Y,,49,18.4,WH,0,,2,2,5,3,F,4.1,,,,,,,,,
BJ,FH,2021,8,22,8:28,1,U06549,E,F,ANHU,M,2,,R,30,5,1,S,E,R,,0,Y,,48,17.7,WH,0,,3,2,7,3,1,4,,,,,,,,,
BJ,FH,2021,8,22,8:21,1,U06550,E,F,ANHU,F,1,,R,40,0,0,N,E,R,,2X4,N,,49,19.1,WH,1,9,1,1,F,F,F,5.1,,,,,,,,,
BJ,FH,2021,10,3,9:07,R,U06551,1,,ANHU,M,2,,R,70,20,3,Y,E,E,,,,,49,18.2,YU,1,,1,F,F,F,F,4.6,,,,,,,,,ADULT MALE TAIL
BJ,FH,2021,8,22,8:13,1,U06552,E,F,ANHU,F,1,,R,10,0,0,N,E,E,,3X4,N,,50,19,WH,1,2,2,1,F,F,F,4,,,,,,,,,
BJ,FH,2021,8,22,7:52,1,U06553,E,F,ANHU,M,1,,R,99,99,,,,,,,,,47,17.2,N,T,,1,1,,,,,,,,,,,,,ESCAPED
BJ,FH,2021,8,22,7:36,1,U06554,E,F,ANHU,M,2,,R,10,7,2,Y,E,R,,0,Y,,49,16.2,N,0,,2,2,5,2,F,4.6,,,,,,,,,
BJ,FH,2021,8,22,7:25,1,U06555,F,F,BBLH,M,2,,B,30,,0,Y,,,,,,,52,19.6,N,0,,2,2,2,4,,,,,,,,,,,ESCAPED
BJ,FH,2021,8,22,7:05,1,U06556,F,F,ANHU,F,2,,R,15,0,1,Y,E,R,,2X2,N,,,,WH,0,2,2,1,9,4,5,4.1,,,,,,,,,
BJ,FH,2021,10,3,8:58,R,U06556,1,,ANHU,F,1,,,,,,,,,,,,,,,N,2,2,1,1,F,F,F,4.4,,,,,,,,,
BJ,FH,2021,8,22,6:04,1,U06558,F,F,ANHU,F,1,,R,30,0,0,N,E,E,,1X3,N,,47,16.5,WH,0,2,F,F,F,F,F,4.2,,,,1,-,,,,
BJ,FH,2021,8,22,5:58,1,U06559,F,F,ANHU,M,2,,R,80,70,1,Y,E,E,,,,,,,N,0,,3,1,0,3,F,4.8,,,,,,,,,ADULT MALE TAIL
BJ,FH,2021,8,22,5:39,1,U06560,F,F,ANHU,M,1,,R,99,99,,,,,,,,,49,17.5,N,0,,F,F,F,F,F,4.3,,,,,,,,,
BJ,FH,2021,7,11,9:05,1,U06561,C,D,BCHU,M,1,,V,99,,,,,,,,,,42,19.5,N,1,,F,F,L,F,F,3.2,,,,1,-,,,,
BJ,FH,2021,7,11,9:23,1,U06562,C,D,BCHU,M,1,,V,99,,,,,,,,,,42,18.5,WTL,1,,1,1,F,F,F,3.1,,,,,,,,,
BJ,FH,2021,7,11,9:46,1,U06563,D,D,BCHU,M,1,,V,99,,,,,,,,,,41,18.3,N,0,,F,F,F,F,L,3,,,,,,,,,
BJ,FH,2021,7,11,9:58,1,U06564,D,D,BCHU,M,1,,V,99,,,,,,,,,,43,18.8,N,0,,1,1,L,L,L,3,,,,,,,,,
BJ,FH,2021,7,11,10:16,1,U06565,D,D,BCHU,M,1,,V,99,,,,,,,,,,41,19.8,N,0,,F,F,F,F,L,3.1,,,,,,,,,
BJ,FH,2021,7,11,10:19,1,U06566,D,D,BCHU,M,1,,V,99,,,,,,,,,,42,18.7,N,0,,1,1,F,F,L,3.3,,,,,,,,,
BJ,FH,2021,8,22,5:51,1,U06567,D,D,BCHU,M,1,,V,99,,,,,,,,,,41,,N,T,,1,F,2,F,L,3.5,,,,,,,,,
BJ,FH,2021,8,22,6:28,1,U06568,D,D,BCHU,M,2,,V,8,,2,Y,U,E,,,P,,45,18.5,BU,T,,2,1,F,F,M,3.2,,,,,,,,,
BJ,FH,2021,8,22,6:35,1,U06569,D,D,BCHU,M,2,,V,5,,3,Y,U,R,,,P,,47,19,N,0,,1,1,F,F,M,3.8,,,,,,,,,
BJ,FH,2021,8,22,10:29,1,U06570,D,D,BCHU,M,1,,V,99,,,,,,,,,,42,19.7,N,1,,2,2,2,4,L,3.3,,,,,,,,,
BJ,FH,2021,9,5,5:54,1,U06572,D,D,BCHU,M,1,,V,99,,,,,,,,,,44,18.5,N,2,,F,F,F,F,F,3,,,,,,,,,
BJ,FH,2021,9,5,6:03,1,U06573,D,D,ANHU,M,1,,R,99,99,,,,,,,,,49,17.5,N,3,,1,1,F,F,F,5.2,,,,,,,,,
BJ,FH,2021,9,5,6:07,1,U06574,D,D,BCHU,M,1,,V,99,,,,,,,,,,44,19.8,WU,1,,1,1,F,F,L,3.2,,,,,,,,,
BJ,FH,2021,9,5,8:04,1,U06575,D,D,BCHU,M,2,,V,4,,2,Y,U,E,,2X2,P,,44,18.7,N,T,,1,1,F,F,F,3,,,,,,,,,
BJ,FH,2021,9,5,9:05,1,U06576,D,D,BCHU,M,2,,HS,,,3,Y,U,E,,1X2,P,,45,19.7,WH,0,,1,1,F,F,F,3.2,,,,,,,,,
BJ,FH,2021,9,5,9:14,1,U06577,C,D,BCHU,M,2,,HS,,,2,Y,U,R,,,P,,43,18.5,WH,T,,1,F,F,F,L,3.5,,,,,,,,,
BJ,FH,2021,9,19,6:17,1,U06578,D,D,BCHU,M,2,,V,15,,1,Y,U,E,,,P,,45,18.7,N,3,,1,1,F,F,L,4.2,,,,,,,,,
BJ,FH,2021,9,19,6:31,1,U06579,D,D,BCHU,M,2,,V,5,,1,Y,U,R,,,,,45,17.7,WH,2,,1,F,F,F,M,3.2,,,,,,,,,
BJ,FH,2021,9,19,6:36,1,U06580,D,D,BCHU,M,2,,V,1,,2,Y,U,R,,1X2,P,,42,18,N,3,,F,F,F,F,L,3.6,,,,,,,,,
BJ,FH,2021,10,3,6:29,1,U06591,C,D,RUHU,F,1,,,,,,N,,10,GB,R,,4,45,17.6,WH,2,2,F,F,F,F,F,3.7,,,,,,,,,UPPER BEAK SOLID WHITE PLAQUE
BJ,FH,2021,10,3,6:39,1,U06592,D,D,BCHU,M,2,,HS,,,1,Y,U,E,,,P,,44,19.5,N,2,,F,F,L,F,M,3.6,,,,,,,,,
BJ,FH,2021,10,3,7:28,1,U06593,D,D,RUHU,F,2,,HS,,,2,Y,,10,GB,R,,4,45,16.8,N,3,2,1,1,F,F,F,4.5,,,,,,,,,
BJ,FH,2021,9,19,9:32,1,U06599,D,E,BTLH,M,2,,R,,,2,S,B,D,W,3X3,R,,47,16.2,N,1,,1,1,F,F,F,3.1,,,,,,,,,
BJ,FH,2021,10,3,8:03,1,U08931,E,F,ANHU,M,1,,R,99,99,,,,,,,,,48,,YUH,1,,1,1,F,F,F,4.4,,,,,,,,,
BJ,FH,2021,10,3,7:58,1,U08932,E,F,ANHU,F,1,,R,10,0,0,N,E,E,,2X4,N,,50,18.2,N,T,2,F,F,F,F,F,3,,,,,,,,,
BJ,FH,2021,10,3,7:54,1,U08933,E,F,ANHU,F,1,,R,20,0,0,N,E,E,,3X4,N,,49,17.3,N,0,2,F,1,F,F,F,3.9,,,,,,,,,
BJ,FH,2021,10,3,7:50,1,U08934,E,F,ANHU,F,1,,R,15,0,0,N,E,E,,2X2,N,,50,18.6,N,1,2,1,F,F,F,F,4.7,,,,,,,,,
BJ,FH,2021,10,3,7:44,1,U08935,E,F,ANHU,M,1,,R,99,99,,,,,,,,,49,17.2,N,T,,1,1,F,F,F,4.6,,,,,,,,,
BJ,FH,2021,10,3,7:41,1,U08936,E,F,ANHU,F,1,,R,40,0,,N,E,E,,1X4,N,,52,19.1,YU,0,2,1,1,F,F,L,4.3,,,,,,,,,
BJ,FH,2021,10,3,7:38,1,U08937,E,F,ANHU,M,1,,R,99,99,,,,,,,,,50,17.9,N,0,,2,2,F,F,F,4.4,,,,,,,,,
BJ,FH,2021,10,3,7:33,1,U08938,E,F,ANHU,M,2,,HS,,,,Y,E,E,,2X4,Y,,49,18.9,YU,1,,2,1,F,F,F,4.5,,,,,,,,,
BJ,FH,2021,10,3,7:13,1,U08939,D,F,BCHU,F,1,,HS,,,0,N,U,E,,,R,,,17.8,WU,1,2,1,1,0,3,M,3.9,,,,,,,,,
BJ,FH,2021,10,3,7:09,1,U08940,E,F,ANHU,M,2,,R,25,10,1,Y,E,R,,,Y,,,,N,1,,1,1,0,1,M,4.6,,,,,,,,,
BJ,FH,2021,10,3,8:06,1,U08941,E,F,ANHU,F,1,,HS,,,0,N,E,E,,2X4,N,,48,,WH,0,2,2,1,F,F,2,4.1,,,,,,,,,VISIBLE WEAR ON BODY FEATHERS
BJ,FH,2021,10,3,8:16,1,U08942,E,F,ANHU,F,1,,R,3,0,0,N,E,E,,3X4,N,,50,17.5,YU,0,2,F,F,F,F,F,4.8,,,,,,,,,
BJ,FH,2021,10,3,8:19,1,U08943,E,F,ANHU,M,1,,R,99,99,,,,,,,,,48,,YUH,0,,F,F,F,F,F,4.9,,,,,,,,,
BJ,FH,2021,10,3,8:23,1,U08944,F,F,ANHU,M,1,,R,99,99,,,,,,,,,50,,YUH,1,,1,1,F,F,F,4.6,,,,,,,,,
BJ,FH,2021,10,3,8:26,1,U08945,E,F,ANHU,F,1,,R,50,0,0,N,E,E,,1X4,N,,50,18.4,N,1,2,1,1,F,F,F,4.7,,,,,,,,,
BJ,FH,2021,10,3,8:29,1,U08946,E,F,ANHU,M,2,,R,50,20,1,Y,E,E,,,,,49,16.9,N,1,,1,1,F,F,F,4.4,,Y,,,,,,,ADULT MALE TAIL
BJ,FH,2021,10,3,8:34,1,U08947,E,F,ANHU,M,1,,R,99,99,,,,,,,,,49,17.5,N,0,,M,F,F,F,F,4.8,,,,,,,,,
BJ,FH,2021,10,3,9:00,1,U08948,E,F,ANHU,F,1,,R,10,0,0,N,E,R,,2X4,N,,50,,N,2,2,1,1,F,F,F,4.5,,,,,,,,,
BJ,FH,2021,10,3,9:11,1,U08949,E,F,BBLH,F,1,,,,,0,N,,,,,,,48,22.4,YU,0,2,F,F,F,F,L,2.7,,,,2,-,-,,,
BJ,FH,2021,10,3,9:19,1,U08950,E,F,ANHU,M,1,,R,99,99,,,,,,,,,49,17.2,YU,1,,F,F,F,F,F,4.1,,,,1,-,,,,
BJ,FH,2021,10,3,9:42,1,U08951,E,F,ANHU,F,1,,R,5,0,0,N,E,E,,3X4,N,,48,17,YU,1,2,F,F,F,F,F,4.2,,,,,,,,,
BJ,FH,2021,10,3,9:46,1,U08952,E,F,ANHU,F,1,,R,40,0,0,N,E,E,,1X3,N,,50,18.5,N,T,2,F,F,F,F,F,4.6,,,,,,,,,
BJ,FH,2021,10,3,9:55,1,U08953,E,F,ANHU,F,1,,R,5,0,0,N,E,E,,2X4,N,,50,17.9,PYU,1,2,F,F,F,F,1,3.9,,,,,,,,,
BJ,FH,2021,10,3,10:33,1,U08954,D,F,BCHU,F,2,,LS,,,3,Y,U,R,,4X4,R,,48,21.2,YU,2,2,1,1,F,F,F,3.3,,,,,,,,,LOST TAIL FEATHERS ON RIGHT SIDE
BJ,FH,2021,10,3,10:40,1,U08955,E,F,ANHU,F,1,,R,10,0,0,N,E,R,,,,,48,18.4,YU,0,2,2,2,8,3,5,3.7,,,,,,,,,ALL TAIL PIN FEATHERS EXCEPT R1
BJ,FH,2021,10,3,11:08,1,U08956,E,F,ANHU,M,1,,R,99,99,,,,,,,,,48,18.4,N,3,,F,F,F,F,F,4.8,,,,,,,,,
BJ,FH,2021,10,3,11:11,1,U08957,E,F,ANHU,M,2,,R,60,5,1,Y,E,R,,,,,50,18.5,N,2,,1,1,F,2,3,4.4,,,,,,,,,
BJ,FH,2021,10,17,6:32,1,U08958,F,F,ANHU,F,1,,R,40,0,,N,E,E,,4X3,N,,49,17.8,WU,0,2,F,2,F,F,F,,,,,,,,,,
BJ,FH,2021,10,17,6:48,1,U08959,F,F,ANHU,M,1,,R,80,95,,,,,,,,,49,,N,0,,3,2,F,F,F,,,,,5,7:18,7:39,8:46,9:32,10:50
BJ,FH,2021,10,17,6:52,1,U08960,E,F,ANHU,F,1,,R,15,0,0,N,E,E,,,N,,50,18.2,WU,0,2,F,F,F,F,R,,,,,,,,,,
BJ,FH,2021,10,17,6:55,1,U08961,E,F,ANHU,M,1,,R,99,99,,,,,,,,,48,17.6,N,3,,F,F,F,F,F,,,,,,,,,,
BJ,FH,2021,10,17,7:10,1,U08962,E,F,ANHU,M,1,,R,99,99,,,,,,,,,48,17.1,N,2,,1,1,F,F,F,,,,,,,,,,
BJ,FH,2021,10,17,7:45,1,U08964,E,F,ANHU,M,1,,R,80,20,0,N,,,,,,,49,17.9,N,3,,F,F,F,F,F,,,,,,,,,,
BJ,FH,2021,10,17,11:08,1,U08965,E,F,ANHU,M,2,,R,40,1,1,S,E,R,,,Y,,49,17.9,PU,1,,1,1,F,2,4,,,,,,,,,,ADULT MALE TAIL EXCEPT R5
BJ,FH,2021,10,17,11:23,1,U08966,E,F,ANHU,F,1,,R,25,0,0,N,E,E,,3X2,N,,49,17.9,N,1,2,F,F,F,F,F,,,,,,,,,,
BJ,FH,2021,9,19,6:55,1,U09301,D,D,BCHU,M,2,,V,1,,3,Y,U,R,,3X2,P,,44,17,N,1,,1,1,F,F,F,2.5,,,,,,,,,R5 ADULT MALE TAIL
BJ,FH,2021,9,19,7:00,1,U09302,D,D,BCHU,M,1,,V,99,,,,,,,,,,43,18.5,N,3,,2,1,F,F,L,4.4,,,,,,,,,
BJ,FH,2021,9,19,7:14,1,U09303,D,D,RUHU,F,2,,,,,3,Y,,20,GB,R,,5,45,17.2,N,2,2,F,F,F,F,L,2.9,,,,,,,,,
BJ,FH,2021,9,19,7:19,1,U09304,C,D,BCHU,M,2,,V,1,,3,Y,U,R,,,P,,44,19.1,WU,2,,1,1,F,F,M,3.2,,,,,,,,,
BJ,FH,2021,9,19,7:29,1,U09305,D,D,RUHU,M,2,,O,4,,2,Y,,80,RB,N,,4,47,16,N,3,,F,F,F,F,L,3.4,,,,,,,,,
BJ,FH,2021,9,19,7:38,1,U09306,D,D,BCHU,M,2,,HS,,,3,Y,U,R,,2X2,P,,45,18.4,N,2,,1,F,F,F,F,3.2,,,,,,,,,
BJ,FH,2021,9,19,7:43,1,U09307,C,D,BCHU,M,2,,V,3,,1,Y,U,R,,,P,,43,18.8,N,3,,1,1,F,F,L,3.1,,,,,,,,,
BJ,FH,2021,9,19,7:50,1,U09308,C,D,BCHU,M,2,,V,5,,2,Y,U,R,,,P,,47,19.2,WH,3,,1,F,F,F,L,3.9,,,,,,,,,
BJ,FH,2021,9,19,8:34,1,U09309,D,D,BCHU,M,2,,V,3,,2,Y,U,R,,,R,,44,19.4,N,2,,1,1,F,F,M,3.1,,,,,,,,,
BJ,FH,2021,9,19,8:41,1,U09310,C,D,BCHU,M,2,,V,2,,2,Y,U,E,,,P,,42,19.5,N,2,,1,1,F,F,L,3.8,,,,,,,,,
BJ,FH,2021,9,19,8:46,1,U09311,C,D,BCHU,M,2,,V,10,,1,Y,U,E,,2X3,P,,43,18.5,N,3,,1,1,F,F,L,3.4,,,,,,,,,
BJ,FH,2021,9,19,9:01,1,U09312,D,D,BCHU,M,1,,V,99,,,,,,,,,,45,19.1,WH,2,,1,F,F,F,M,3.5,,,,,,,,,
BJ,FH,2021,9,19,9:13,1,U09313,D,D,BCHU,M,1,,V,99,,,,,,,,,,43,19.9,WH,1,,1,1,F,F,L,3.5,,,,,,,,,
BJ,FH,2021,9,19,9:23,1,U09314,D,D,BCHU,M,2,,V,3,,2,Y,U,E,,3X2,P,,43,19.4,WH,1,,1,1,,F,F,3.1,,,,,,,,,
BJ,FH,2021,9,19,9:27,1,U09315,C,D,RUHU,F,2,,MS,,,2,Y,,10,GB,N,,4,47,17.5,YU,2,2,1,1,F,F,F,3.2,,,,,,,,,
BJ,FH,2021,9,19,10:30,1,U09316,D,D,COHU,F,2,,HS,,,3,Y,E,E,,2X2,N,,44,17.3,N,1,2,1,1,F,F,F,3.5,,,,,,,,,
BJ,FH,2021,8,22,8:51,1,U09341,E,F,ANHU,F,2,,R,30,0,1,N,E,E,,,N,,,,WHU,0,7,3,3,9,3,2,4.2,,,,,,,,,R2-5 ALL MOLTING 
BJ,FH,2021,8,22,9:17,1,U09342,E,F,ANHU,F,1,,R,20,0,0,N,E,E,,2X3,N,,51,17.4,N,1,8,1,F,F,F,F,4.6,,,,,,,,,
BJ,FH,2021,9,19,9:54,R,U09342,1,,ANHU,F,1,,R,15,0,0,N,E,E,,1X1,N,,,,N,T,2,1,1,F,F,F,3.7,,,,,,,,,
BJ,FH,2021,8,22,9:26,1,U09343,E,F,BBLH,M,2,,B,80,,3,Y,,,,,,,51,20,N,1,,2,2,M,5,F,3.2,,,,,,,,,ADULT MALE TAIL
BJ,FH,2021,8,22,9:40,1,U09344,F,F,BBLH,F,2,,,,,3,Y,,,,,,,51,20.7,BU,P,2,F,F,F,F,F,3.1,,Y,,,,,,,
BJ,FH,2021,9,5,5:59,1,U09344,E,F,BCHU,F,1,,LS,,,0,N,U,E,,,P,,46,21.8,N,0,2,1,F,F,F,L,3.8,,,,,,,,,
BJ,FH,2021,8,22,10:35,1,U09345,F,F,ANHU,M,1,,R,99,99,,,,,,,,,49,17.4,N,0,,1,F,F,F,F,4.2,,,,,,,,,
BJ,FH,2021,8,22,10:37,1,U09346,F,F,BCHU,F,1,,NS,,,0,N,E,E,,,P,,45,19.1,N,1,2,1,1,7,4,2,3.7,,Y,,,,,,,LEFT R4-5 & RIGHT R5 ALL WHITE; ALL WHITE FEATHERS ON HEAD NEXT TO MANDIBLE
BJ,FH,2021,9,5,6:11,1,U09348,D,F,BCHU,F,1,,,,,0,N,U,E,,,P,,45,20.1,WH,3,2,1,F,F,F,M,3.4,,,,,,,,,
BJ,FH,2021,9,5,6:20,1,U09349,E,F,ANHU,M,1,,R,99,99,,,,,,,,,,,,,,,,,,,,,,,,,,,,ESCAPED
BJ,FH,2021,9,5,6:45,1,U09351,E,F,BCHU,F,1,,MS,,,0,N,U,E,,,P,,45,19.8,N,3,2,1,F,F,F,M,3.7,,,,,,,,,1 BLACK GORGET FEATHER
BJ,FH,2021,9,5,6:54,1,U09352,F,F,ANHU,M,1,,R,99,99,,,,,,,,,49,18.1,WH,1,,1,F,F,F,F,4.9,,,,,,,,,
BJ,FH,2021,9,5,7:21,1,U09353,E,F,ANHU,M,2,,R,20,5,1,S,E,R,,,,,,17.2,WH,2,,2,2,9,5,5,4.3,,Y,,,,,,,ADULT MALE TAIL
BJ,FH,2021,9,5,7:38,1,U09355,F,F,ANHU,M,2,,R,20,8,1,S,E,R,,,,,,,YH,0,,3,2,9,5,5,4.1,,,,,,,,,ADULT MALE TAIL
BJ,FH,2021,9,5,7:45,1,U09356,E,F,ANHU,M,2,,R,40,3,2,S,E,R,,,Y,,49,19.7,N,0,,2,2,3,3,3,4.1,,,,,,,,,
BJ,FH,2021,9,5,7:52,1,U09357,E,F,ANHU,F,1,,R,5,0,0,N,E,E,,,N,,,17.7,WHUL,1,2,2,1,0,3,5,4,,,,,,,,,
BJ,FH,2021,9,5,7:56,1,U09358,D,F,BCHU,F,2,,LS,,,2,S,U,R,,,R,,47,,YU,P,2,2,1,F,F,F,3.4,,Y,,,,,,,
BJ,FH,2021,9,5,8:09,1,U09359,E,F,ANHU,F,2,,R,10,0,0,Y,E,E,,3X6,N,,49,17.7,N,T,2,1,1,F,2,F,4.4,,,,,,,,,
BJ,FH,2021,9,5,8:14,1,U09361,E,F,ANHU,M,1,,R,95,90,,,,,,,,,,18.3,WH,0,,2,2,9,4,4,4.4,,,,,,,,,
BJ,FH,2021,9,5,8:21,1,U09362,F,F,ANHU,F,1,,R,20,0,0,N,E,E,,2X4,N,,49,18.9,WH,1,2,1,1,F,F,F,,,,,,,,,,ESCAPED
BJ,FH,2021,9,5,8:26,1,U09363,D,F,BCHU,F,1,,NS,,,0,N,U,R,,3X3,R,,46,21,WH,1,7,1,1,3,5,L,3.7,,,,,,,,,
BJ,FH,2021,9,5,8:40,1,U09364,E,F,ANHU,M,2,,R,15,1,1,Y,E,E,,2X3,Y,,50,18,N,1,,1,1,F,F,F,4.1,,,,,,,,,
BJ,FH,2021,9,5,8:47,1,U09365,F,F,ANHU,M,1,,R,98,99,,,,,,,,,51,19,WH,P,,2,1,F,4,F,4.9,,,,,,,,,
BJ,FH,2021,9,5,8:53,1,U09366,F,F,ANHU,M,2,,R,20,5,1,Y,E,R,,,Y,,49,18.4,WH,2,,1,1,6,5,4,4.5,,,,,,,,,
BJ,FH,2021,9,5,9:19,1,U09367,E,F,ANHU,M,1,,R,99,99,,,,,,,,,50,18.7,N,0,,F,F,F,F,F,4.3,,,,1,-,,,,
BJ,FH,2021,9,5,9:25,1,U09368,E,F,ANHU,M,2,,R,40,5,,,E,R,,,Y,,50,18.3,WH,0,,2,2,8,5,2,,,,,,,,,,ESCAPED
BJ,FH,2021,9,5,9:50,1,U09369,E,F,ANHU,M,1,,R,99,99,,,,,,,,,49,18.6,YUH,T,,F,F,F,F,F,4.2,,,,,,,,,
BJ,FH,2021,9,5,10:01,1,U09370,E,F,ANHU,M,2,,R,50,12,2,Y,E,R,,,,,,18.2,N,0,,2,2,0,3,5,4.6,,,,,,,,,FULL TAIL WAS PIN FEATHERS
BJ,FH,2021,9,5,10:27,1,U09371,E,F,ANHU,M,2,,R,20,8,1,Y,E,R,,,,,,18.5,N,0,,2,2,9,3,5,3.8,,,,,,,,,ADULT MALE TAIL/ TAIL 3-5 ALL PIN FEATHERS
BJ,FH,2021,9,5,10:33,1,U09372,E,F,ANHU,F,2,,R,10,0,2,Y,E,R,,2X4,N,,49,17.7,WH,1,2,1,1,F,F,F,4.6,,,,,,,,,
BJ,FH,2021,9,5,10:45,1,U09373,E,F,ANHU,F,1,,R,12,0,0,N,E,R,,1X2,R,,48,19.2,WH,1,2,2,1,8,2,M,3.9,,,,,,,,,
BJ,FH,2021,9,19,6:10,1,U09374,E,F,BCHU,F,1,,LS,,,0,N,U,R,,,P,,46,20.5,N,2,2,1,1,F,F,M,,,,,,,,,,
BJ,FH,2021,9,19,6:23,1,U09375,E,F,ANHU,F,2,,HS,,,2,Y,E,R,,,N,,45,19.3,N,2,2,F,F,F,F,M,3.3,,,,,,,,,
BJ,FH,2021,9,19,6:28,1,U09376,E,F,BCHU,F,2,,,,,2,Y,U,R,,4X3,R,,47,20.6,N,2,2,F,F,F,F,L,3.6,,,,,,,,,
BJ,FH,2021,9,19,6:40,1,U09377,E,F,BCHU,F,1,,,,,0,N,U,E,,,P,,48,,N,2,2,2,1,7,4,1,4,,,,,,,,,
BJ,FH,2021,9,19,6:45,1,U09378,F,F,ANHU,F,2,,R,15,0,1,Y,E,R,,4X1,N,,48,16,N,1,2,1,1,F,F,L,3.4,,,,,,,,,
BJ,FH,2021,9,19,6:49,1,U09379,E,F,BCHU,F,2,,,,,2,S,U,E,,,R,,44,19.2,N,2,2,1,F,F,F,M,3.1,,,,,,,,,
BJ,FH,2021,9,19,7:09,1,U09380,E,F,BCHU,F,1,,LS,,,0,N,U,R,,,P,,46,21.8,N,1,2,1,1,L,F,L,3.2,,,,,,,,,
BJ,FH,2021,9,19,7:24,1,U09381,E,F,ANHU,M,2,,R,25,2,2,Y,E,R,,,Y,,49,17.6,N,1,,2,1,F,F,3,3.7,,,,,,,,,
BJ,FH,2021,9,19,7:34,1,U09382,E,F,ANHU,F,1,,R,20,0,0,N,E,E,,1X3,N,,52,18.7,N,3,2,1,1,F,F,F,4.6,,,,,,,,,
BJ,FH,2021,9,19,7:47,1,U09383,E,F,ANHU,F,1,,R,25,0,0,N,E,E,,3X4,N,,48,18.9,WH,2,2,F,F,F,F,F,3.9,,,,,,,,,
BJ,FH,2021,9,19,7:54,1,U09384,E,F,ANHU,M,2,,R,40,2,1,,E,R,,0,Y,,48,,N,1,,3,3,6,3,2,3.7,,,,,,,,,
BJ,FH,2021,9,19,7:58,1,U09386,E,F,ANHU,F,1,,R,30,0,0,N,E,E,,,N,,51,18.5,N,2,2,1,1,F,F,L,4.4,,,,,,,,,
BJ,FH,2021,9,19,8:03,1,U09387,E,F,ANHU,F,1,,R,40,0,0,N,E,R,,2X4,N,,50,18.2,N,0,2,1,F,F,F,F,3.6,,,,,,,,,
BJ,FH,2021,9,19,8:08,1,U09388,E,F,ANHU,F,2,,R,20,0,0,N,E,R,,2X4,N,,,,YU,T,2,2,2,9,2,F,3.3,,,,,,,,,
BJ,FH,2021,9,19,8:12,1,U09389,E,F,BCHU,F,2,,,,,1,Y,,,,,R,,,,,,,,,,,,,,,,,,,,,ESCAPED
BJ,FH,2021,9,19,8:14,1,U09390,E,F,ANHU,F,1,,R,20,0,0,N,E,R,,,N,,,18.4,WH,1,2,2,1,0,3,L,3.2,,,,,,,,,
BJ,FH,2021,9,19,8:19,1,U09391,F,F,BCHU,F,2,,,,,3,Y,U,R,,2X2,R,,48,,N,3,2,1,1,2,2,L,3.9,,,,,,,,,
BJ,FH,2021,9,19,8:24,1,U09392,F,F,ANHU,M,1,,R,99,99,,,,,,,,,49,18.9,N,1,,2,1,F,F,F,3.9,,,,,,,,,
BJ,FH,2021,9,19,8:38,1,U09393,F,F,ANHU,F,1,,R,15,0,0,N,E,E,,3X4,N,,48,17,N,3,2,1,1,F,F,F,3.5,,,,,,,,,
BJ,FH,2021,9,19,8:49,1,U09394,F,F,ANHU,F,1,,R,10,0,0,N,E,E,,1X4,N,,49,18.7,N,2,2,1,1,7,1,F,4,,,,1,-,,,,
BJ,FH,2021,9,19,8:54,1,U09395,F,F,ANHU,F,1,,R,15,0,0,N,E,R,,2X4,N,,47,18.7,N,0,2,1,F,F,F,F,3.9,,,,,,,,,
BJ,FH,2021,9,19,8:57,1,U09396,E,F,ANHU,M,2,,R,80,10,0,Y,E,E,,,,,49,18.7,OUH,0,,2,1,F,F,F,4,,,,1,-,,,,ADULT MALE TAIL
BJ,FH,2021,9,19,9:08,1,U09397,F,F,ANHU,F,1,,HS,,,0,N,E,R,,2X4,N,,50,18.2,N,1,2,1,1,F,F,F,3.7,,,,,,,,,
BJ,FH,2021,9,19,9:18,1,U09398,E,F,ANHU,F,1,,R,20,0,0,N,E,R,,2X2,N,,47,18.3,WH,1,2,2,1,F,F,F,4.1,,,,,,,,,
BJ,FH,2021,9,19,9:45,1,U09399,F,F,ANHU,M,2,,R,25,10,1,S,E,R,,,,,,18.9,N,1,,1,1,9,4,F,3.6,,,,,,,,,
BJ,FH,2021,9,19,9:49,1,U09400,F,F,ANHU,M,1,,R,99,99,,,,,,,,,,18.7,N,1,,2,2,9,4,5,4.4,,,,,,,,,MOLTING TAIL 2-5
BJ,FH,2021,9,19,9:56,1,U09401,F,F,ANHU,F,1,,R,40,0,0,N,E,E,,1X4,N,,50,18.7,N,3,2,1,1,F,F,F,5.8,,,,,,,,,
BJ,FH,2021,9,19,10:00,1,U09402,F,F,ANHU,F,1,,R,20,0,0,N,E,E,,2X4,N,,50,18.6,N,2,2,2,2,F,F,F,4.2,,,,,,,,,
BJ,FH,2021,9,19,10:04,1,U09403,E,F,BCHU,F,1,,LS,,,0,N,U,E,,,P,,45,,N,3,2,1,1,F,F,M,4.8,,,,,,,,,LEFT LEG SWOLLEN FROM POSSIBLE HEALED INJURY
BJ,FH,2021,9,19,10:11,1,U09404,F,F,ANHU,M,1,,R,99,99,,,,,,,,,49,18.1,N,T,,1,1,1,1,F,4,,,,,,,,,
BJ,FH,2021,9,19,10:15,1,U09405,E,F,BBLH,F,1,,,,,0,N,,,,,,,51,22,N,0,2,1,1,7,1,2,3.4,,,,,,,,,
BJ,FH,2021,9,19,10:18,1,U09406,F,F,ANHU,M,2,,R,80,20,0,S,E,R,,,,,,17.5,WH,2,,1,1,0,F,1,4.6,,,,,,,,,ADULT MALE TAIL
BJ,FH,2021,9,19,10:22,1,U09407,F,F,ANHU,M,1,,R,99,99,,,,,,,,,49,17.4,YU,1,,3,2,F,F,F,4.3,,,,,,,,,
BJ,FH,2021,9,19,10:25,1,U09408,F,F,ANHU,F,1,,R,5,0,0,N,E,R,,,,,,,N,0,2,3,3,9,3,5,4,,,,,,,,,WHOLE TAIL IS PIN FEATHERS
BJ,FH,2021,9,19,10:40,1,U09409,E,F,ANHU,F,1,,R,5,0,0,N,E,E,,1X4,N,,48,17.9,WH,2,2,1,F,F,F,F,4.3, ,,,,,,,,
BJ,FH,2021,9,19,10:44,1,U09410,E,F,ANHU,F,1,,R,10,0,0,N,E,R,,,N,,,17.6,N,1,2,2,2,9,3,3,4.2,,,,,,,,,ENTIRE LEFT TAIL IS PIN FEATHERS
BJ,FH,2021,9,19,10:50,1,U09421,E,F,ANHU,M,2,,R,90,40,0,S,E,E,,,,,,17,N,1,,2,1,9,4,4,4.2,,,,,,,,,ADULT MALE TAIL
BJ,FH,2021,9,19,10:53,1,U09422,E,F,BCHU,F,1,,NS,,,0,N,U,E,,,P,,45,19.9,N,2,2,1,1,F,F,M,3.4,,,,,,,,,
BJ,FH,2021,9,19,10:59,1,U09423,F,F,ANHU,F,1,,R,15,0,0,N,E,E,,2X3,N,,49,18.7,N,1,2,1,1,F,F,F,4.1,,,,,,,,,
BJ,FH,2021,9,19,11:02,1,U09424,F,F,ANHU,F,1,,R,5,0,0,N,E,E,,1X4,N,,49,19.5,N,T,2,1,1,F,F,F,3.7,,,,,,,,,
BJ,FH,2021,9,19,11:05,1,U09425,F,F,ANHU,F,1,,R,40,2,0,N,E,E,,3X4,N,,52,17.4,YUWH,1,2,1,1,F,F,F,4.1,,,,,,,,,
BJ,FH,2021,9,19,11:12,1,U09426,E,F,ANHU,F,1,,R,40,0,0,N,E,R,,2X4,N,,50,17.5,WH,1,2,3,2,F,F,F,4.5,,,,,,,,,
BJ,FH,2021,9,19,11:15,1,U09427,D,F,BCHU,F,2,,LS,,,3,Y,U,R,,4X3,R,,,,N,2,2,1,1,F,F,F,4.1,,,,,,,,,
BJ,FH,2021,9,19,11:23,1,U09429,F,F,ANHU,M,2,,R,30,10,1,S,E,E,,0,Y,,52,18.4,N,1,,2,2,8,2,2,4.2,,,,,,,,,
BJ,FH,2021,9,19,11:20,1,U09430,F,F,ANHU,F,1,,R,15,0,0,N,E,E,,1X3,N,,49,17,N,0,2,1,1,L,F,F,4,,,,,,,,,
BJ,FH,2021,10,3,6:20,1,U09431,F,F,ANHU,F,1,,R,5,0,0,N,E,E,,1X4,N,,,18.1,N,1,2,F,F,9,3,F,3.6,,,,1,-,,,,
BJ,FH,2021,10,3,6:36,1,U09432,E,F,ANHU,M,1,,R,99,99,,,,,,,,,48,18.2,PU,2,,F,F,F,F,F,5.1,,,,,,,,,
BJ,FH,2021,10,3,6:44,1,U09433,F,F,ANHU,M,1,,R,99,99,,,,,,,,,48,18.4,WH,1,,2,1,F,F,4,4.4,,,,,,,,,
BJ,FH,2021,10,3,6:48,1,U09434,E,F,ANHU,M,2,,R,5,0,3,Y,E,R,,1X1,Y,,49,18.1,N,T,,1,F,F,F,F,4.7,,,,1,-,,,,
BJ,FH,2021,10,3,6:52,1,U09435,E,F,ANHU,F,1,,R,15,0,0,N,E,E,,4X4,N,,50,17.2,N,0,2,1,F,F,4,F,4.1,,,,,,,,,
BJ,FH,2021,10,3,6:55,1,U09436,E,F,ANHU,F,1,,R,20,0,0,N,E,E,,,N,,48,18.9,N,3,2,1,F,F,1,F,4.3,,,,,,,,,
BJ,FH,2021,10,3,6:59,1,U09437,E,F,ANHU,F,1,,R,20,0,0,N,E,E,,3X3,N,,49,19,N,3,2,F,F,F,F,F,4.9,,,,,,,,,
BJ,FH,2021,10,3,7:02,1,U09438,E,F,ANHU,F,1,,R,10,0,0,N,E,E,,1X4,N,,50,18.3,WU,T,2,F,F,F,F,F,3.7,,,,,,,,,
BJ,FH,2021,10,3,7:06,1,U09439,E,F,ANHU,F,1,,R,20,0,0,N,E,E,,3X3,N,,50,17.6,N,1,2,F,F,F,F,F,3.7,,,,,,,,,
BJ,FH,2021,10,3,6:14,1,U09440,E,F,ANHU,F,1,,R,15,0,0,N,E,E,,5X3,N,,48,18,OT,1,2,1,F,F,F,F,3.7,,,,,,,,,
BJ,FH,2021,4,18,6:56,R,,6,,BBLH,F,1,M27431,,,,,,,,,,,,,,N,,2,,,,,,,,Y,,,,,,,FOOT BADLY SWOLLEN OVER BAND WITH DEBRIS AND BLEEDING
